log,fitness_heuristics,precision_heuristics,fscore_heuristics,size_heuristics,pnsize_heuristics,cfc_heuristics,fitness_ilp,precision_ilp,fscore_ilp,size_ilp,pnsize_ilp,cfc_ilp,fitness_imf,precision_imf,fscore_imf,size_imf,pnsize_imf,cfc_imf
2_ense_rmcv_genELtask_67_06_00,0.376214776532216,0.994733180959952,0.545948253307299,29.0,18.0,10.0,,,,,,,0.945685191537984,0.507638900441974,0.6606462982975451,28.0,22.0,8.0
2_enself_rmcv_genELtask_13_01_01,0.63263614857424,0.858184089962515,0.7283484130513961,14.0,8.0,7.0,0.99997771174738,0.940229218047294,0.96918349021716,13.0,8.0,3.0,0.95097054618107,0.940229218047294,0.945569378691894,13.0,8.0,4.0
2_rt10v_rutpt_genELtask_1_00_00,0.538653366583541,1.0,0.700162074554294,5.0,4.0,0.0,0.999955489786125,1.0,0.9999777443977612,15.0,8.0,4.0,0.999932932799884,1.0,0.999966465275402,11.0,10.0,2.0
2_ense_enve_genELtask_2_00_01,0.497684336787392,1.0,0.6646051167964401,5.0,4.0,0.0,0.999950027482386,0.888316761363636,0.940833546600142,9.0,6.0,2.0,0.9999249375444692,1.0,0.999962467363588,11.0,8.0,4.0
2_rmcv_rutpt_genELtask_35_03_01,0.621532802457298,0.776883640795058,0.690579217337543,13.0,8.0,6.0,,,,,,,,,,,,
2_enseef_rutpt_genELtask_30_02_07,0.581125408551174,0.9817974971558592,0.7301031542449821,33.0,19.0,14.0,,,,,,,,,,,,
2_enve_rutpt_genELtask_98_08_09,0.706094341484646,0.653694398543149,0.678884744790711,60.0,38.0,32.0,,,,,,,0.946299547882118,0.5820056648349491,0.720735220838514,35.0,23.0,16.0
2_ense_enve_genELtask_27_02_04,0.719424014941704,0.864942528735632,0.785500589115627,13.0,7.0,5.0,0.999968338733338,0.429313929313929,0.600721559748524,21.0,7.0,6.0,0.9999190024906072,0.8978260869565211,0.946126400507407,21.0,14.0,11.0
2_rmcv_rutpt_genELtask_40_03_06,0.5606421352399971,0.948186528497409,0.704643718294452,53.0,31.0,23.0,0.999975738293562,0.619124797406807,0.7647576697452171,72.0,34.0,24.0,0.944173528628774,0.537360890302066,0.68491412883913,43.0,32.0,18.0
2_enve_rmcv_genELtask_57_05_01,0.7924317665331421,0.691240242844752,0.738385200063108,36.0,21.0,21.0,0.999977588346547,0.154388821055487,0.267480688435321,48.0,14.0,18.0,0.8854314359131831,0.5931142410015651,0.7103764222778941,49.0,31.0,29.0
2_ense_rutpt_genELtask_13_01_01,0.558377492316494,0.9734048560135512,0.709666569930252,10.0,6.0,4.0,0.999958764759687,0.5019278789659221,0.6683689264379801,17.0,6.0,5.0,0.9998904744560232,0.98306242807825,0.991405046861986,17.0,12.0,9.0
2_enself_rutpt_genELtask_6_00_05,0.304990362815595,0.965804942797547,0.463585596534443,7.0,5.0,2.0,,,,,,,,,,,,
2_enself_enve_genELtask_1_00_00,0.99999235550635,1.0,0.9999961777385652,11.0,8.0,2.0,0.99999235550635,1.0,0.9999961777385652,11.0,8.0,2.0,0.99999235550635,1.0,0.9999961777385652,11.0,8.0,2.0
2_ense_enve_genELtask_75_06_08,0.376214776532216,0.994733180959952,0.545948253307299,27.0,17.0,8.0,,,,,,,,,,,,
2_ense_rutpt_genELtask_63_05_07,0.6573958369729971,0.8956219596942321,0.758237476824929,20.0,12.0,7.0,0.9999945106782452,0.306359918200409,0.469027745793637,23.0,9.0,6.0,0.9999372360394012,0.675123929698062,0.806038095867535,34.0,24.0,15.0
2_ense_enseef_genELtask_13_01_01,0.5117056856187291,1.0,0.676991150442477,5.0,4.0,0.0,0.9999494991947552,0.8935532233883051,0.9437621478696352,9.0,6.0,2.0,0.999924672038159,1.0,0.999962334600451,11.0,8.0,4.0
2_enve_rt10v_genELtask_87_07_09,0.596839186930711,0.9805402930402932,0.7420216614732781,11.0,7.0,4.0,0.999963701948584,0.458929917106254,0.629125047708193,20.0,7.0,5.0,0.9998912061922872,0.985859162976717,0.992825606792686,20.0,14.0,10.0
2_enseef_rmcv_genELtask_26_02_03,0.205214360644956,0.459392779284309,0.283698413158103,38.0,22.0,12.0,0.9999836414087492,0.226789023577154,0.36972671482018,52.0,16.0,17.0,0.9998919442260292,0.545462580653307,0.7058621584772831,37.0,23.0,13.0
2_enseef_rmcv_genELtask_7_00_06,0.99999164182521,1.0,0.99999582089514,10.0,7.0,2.0,0.99999164182521,1.0,0.99999582089514,10.0,7.0,2.0,0.99999164182521,1.0,0.99999582089514,10.0,7.0,2.0
2_enseef_rutpt_genELtask_66_05_10,0.333333333333333,0.9333084513284652,0.491224623846678,35.0,25.0,3.0,,,,,,,,,,,,
2_ense_enve_genELtask_38_03_04,0.628502768118806,0.90566037735849,0.742046314726516,12.0,7.0,5.0,0.999958783900242,0.418118466898954,0.589673423575309,24.0,8.0,7.0,0.999890172988081,0.932038834951456,0.964772999505981,20.0,14.0,11.0
2_ense_enself_genELtask_46_04_01,0.239994432129174,0.7058823529411761,0.358202753504566,60.0,37.0,26.0,0.9999768005382272,0.538726333907056,0.70021802605904,67.0,31.0,22.0,0.9918439784394,0.277625570776255,0.433820962157561,42.0,27.0,18.0
2_ense_rmcv_genELtask_57_05_01,0.985651749748327,0.5835562302706091,0.7330872985183551,37.0,24.0,24.0,0.999964019789788,0.343095044153963,0.5108974113390451,35.0,13.0,13.0,0.8686210699890091,0.5116754401187791,0.643995061971668,37.0,22.0,20.0
2_enseef_rt10v_genELtask_57_05_01,0.199999999999999,0.975856246377176,0.331964472488468,34.0,24.0,4.0,,,,,,,,,,,,
2_enve_rt10v_genELtask_95_08_06,0.268828828828828,0.996609709791158,0.423438061835497,22.0,15.0,2.0,0.999977373474579,0.997168101495242,0.99857076166263,33.0,22.0,7.0,0.999954747973054,0.997168101495242,0.998559480587699,21.0,23.0,2.0
2_ense_rmcv_genELtask_16_01_04,0.435822410197191,0.9965718203633872,0.6064368641241951,12.0,8.0,6.0,0.999945323428963,0.6885620915032681,0.8155421020958831,16.0,7.0,4.0,0.9953094786946092,0.998420470699731,0.9968625475200952,21.0,14.0,11.0
2_ense_enve_genELtask_16_01_04,0.565929661227466,0.928838951310861,0.7033296105376341,11.0,7.0,4.0,0.9999528277781492,0.498203592814371,0.665057512815563,18.0,7.0,5.0,0.9999027118817292,0.9563218390804592,0.97762682699994,18.0,13.0,9.0
2_enseef_enve_genELtask_16_01_04,0.6965863019071621,0.8709677419354831,0.7740775519905101,13.0,7.0,5.0,,,,,,,0.99991994157317,0.902439024390243,0.9486819182778732,21.0,14.0,11.0
2_enve_rt10v_genELtask_26_02_03,0.366366600647832,1.0,0.5362639872405071,9.0,6.0,4.0,0.9999518739739792,0.7030075187969921,0.825590661554185,14.0,6.0,3.0,0.99990642611941,1.0,0.9999532108705852,14.0,10.0,7.0
2_ense_enve_genELtask_86_07_08,0.210526315789473,0.931621860478376,0.343442159381344,31.0,23.0,4.0,,,,,,,,,,,,
2_ense_rt10v_genELtask_36_03_02,0.686074934451525,0.8489932885906041,0.758888766083978,12.0,7.0,5.0,0.999964849720434,0.389484978540772,0.560612236747381,24.0,8.0,7.0,0.999898794993806,0.8897058823529411,0.9415893708653852,20.0,14.0,11.0
2_ense_rutpt_genELtask_74_06_07,0.376214776532216,0.994733180959952,0.545948253307299,27.0,17.0,8.0,0.999991271385349,0.422792878091587,0.5943124793046201,34.0,19.0,8.0,0.945685191537984,0.507638900441974,0.6606462982975451,28.0,22.0,8.0
2_ense_enve_genELtask_63_05_07,0.8345111061710161,0.750922833538407,0.790513472393637,19.0,12.0,10.0,0.999984077546128,0.6069269554658,0.7553838130811351,17.0,9.0,5.0,0.951311110211227,0.806136044880785,0.872727437197594,17.0,11.0,6.0
2_enseef_rutpt_genELtask_36_03_02,0.411253907606807,1.0,0.5828205759291161,16.0,2.0,2.0,0.999970859820378,0.935089398444181,0.966442410025773,38.0,16.0,12.0,0.9999599158452612,0.967316199705076,0.9833672233470432,26.0,20.0,6.0
2_enve_rutpt_genELtask_104_09_04,0.167809895660848,0.994679218254374,0.287171748678333,66.0,29.0,22.0,0.9999761978718432,0.7411172031692661,0.8513036262838821,72.0,32.0,22.0,0.9999448679254772,0.8648118499688351,0.927482027868995,40.0,30.0,12.0
2_enseef_rmcv_genELtask_25_02_02,0.6972711171232691,0.6280667320902841,0.660862122322123,35.0,19.0,19.0,0.999994308371914,0.066650169100057,0.124970955477214,52.0,8.0,28.0,0.999851179841882,0.380713051672687,0.551450465261634,50.0,32.0,30.0
2_enself_rt10v_genELtask_46_04_01,0.25000374998125,0.9560932750759872,0.396364304255718,47.0,26.0,14.0,,,,,,,0.99999166673611,0.523571420946443,0.6872929150364361,28.0,31.0,2.0
2_enve_rutpt_genELtask_92_08_03,0.7918985400959571,0.8607513102906881,0.824890651634898,50.0,32.0,32.0,0.999967139367258,0.5828774525979901,0.7364693941967031,56.0,20.0,22.0,0.999889328379646,0.784711070534819,0.8793276363340541,41.0,29.0,15.0
2_rt10v_rutpt_genELtask_39_03_05,0.7106696771109791,0.911764705882352,0.7987546811417171,11.0,7.0,4.0,0.9999663876844472,0.483394833948339,0.6517341546741701,18.0,7.0,5.0,0.999902527561172,0.935714285714285,0.966744112722958,18.0,13.0,9.0
2_enve_rutpt_genELtask_90_08_01,0.965262320562224,0.7686440923023531,0.8558053361097541,19.0,12.0,12.0,0.999973368540446,0.7842481606003021,0.8790694004289971,14.0,7.0,4.0,0.947355914307445,0.9556540197126232,0.9514868749990352,15.0,10.0,6.0
2_enseef_rt10v_genELtask_30_02_07,0.7274261453928691,0.7474647920773261,0.737309340920239,31.0,17.0,17.0,0.999969565638089,0.49631538701181,0.6633766931770031,40.0,9.0,13.0,0.9827215183894872,0.6358220435530331,0.772096616684245,39.0,25.0,17.0
2_ense_rt10v_genELtask_6_00_05,0.9999899905001912,1.0,0.999994995225048,9.0,6.0,2.0,0.9999899905001912,1.0,0.999994995225048,9.0,6.0,2.0,0.9999899905001912,1.0,0.999994995225048,9.0,6.0,2.0
2_enve_rt10v_genELtask_83_07_05,0.63766810311605,0.82383808095952,0.7188957146869801,20.0,12.0,10.0,0.9999849524483452,0.468847352024922,0.6383850567451991,18.0,7.0,7.0,0.9999267492461212,0.6979087706782,0.8220556586844351,21.0,14.0,10.0
2_ense_rutpt_genELtask_60_05_04,0.970546528974293,0.849847166705854,0.90619542328928,36.0,19.0,14.0,,,,,,,0.999948305140494,0.6450958302641651,0.7842494535469401,41.0,24.0,17.0
2_rmcv_rutpt_genELtask_27_02_04,0.989858681298604,0.706400742115027,0.8244457155629641,17.0,10.0,10.0,0.999961563039018,0.451928783382789,0.6225145221572881,15.0,7.0,6.0,0.7179240845917051,0.451928783382789,0.554686092572465,19.0,12.0,10.0
2_ense_enself_genELtask_68_06_01,0.375846683049094,0.9948169438816372,0.5455731679933841,27.0,17.0,8.0,,,,,,,0.945754097115007,0.509464155567057,0.6622069391622061,28.0,22.0,8.0
2_ense_rutpt_genELtask_64_05_08,0.925579613623396,0.335261569416499,0.492228962786787,42.0,26.0,25.0,0.9999911214204932,0.186399963043377,0.31422742553855,40.0,12.0,13.0,0.9583669308182,0.255417956656346,0.403340205867791,44.0,29.0,24.0
2_ense_rt10v_genELtask_52_04_07,0.96283828781031,0.757696061036195,0.848037446712772,19.0,12.0,12.0,0.9999737508925832,0.767222344888496,0.868270598626077,14.0,7.0,4.0,0.9491195800138532,0.934533148056838,0.941769887596226,15.0,10.0,6.0
2_enself_rt10v_genELtask_4_00_03,0.475717886543682,0.873407706305878,0.6159480931011121,35.0,22.0,13.0,,,,,,,0.968001734688637,0.474673908836393,0.636990260738525,34.0,26.0,12.0
2_enve_rutpt_genELtask_40_03_06,0.9181595948322372,0.311457174638487,0.465132552472846,39.0,20.0,20.0,,,,,,,0.8824390996804921,0.337837837837837,0.48861255718872,57.0,38.0,37.0
2_enve_rmcv_genELtask_6_00_05,0.999990024323254,1.0,0.999995012136748,9.0,6.0,2.0,0.999990024323254,1.0,0.999995012136748,9.0,6.0,2.0,0.999990024323254,1.0,0.999995012136748,9.0,6.0,2.0
2_enself_rt10v_genELtask_5_00_04,0.545070482757374,0.7510891903000411,0.631706966449578,30.0,18.0,16.0,,,,,,,0.878720533973232,0.341596510002819,0.491950627346905,34.0,21.0,17.0
2_rt10v_rutpt_genELtask_46_04_01,0.449428102739264,0.988165680473372,0.617851067740062,12.0,7.0,5.0,0.99994203234595,0.711967545638945,0.8317335024068031,16.0,7.0,4.0,0.9998956642708092,0.99715909090909,0.998525502620386,16.0,11.0,8.0
2_enself_rutpt_genELtask_16_01_04,0.330481074348851,0.9262709608730372,0.487152618349915,43.0,27.0,15.0,0.9999796345611012,0.405511155511155,0.5770267581442461,43.0,20.0,11.0,0.9374595290874732,0.595695242754066,0.7284850714466461,35.0,26.0,12.0
2_ense_rutpt_genELtask_51_04_06,0.68954353062947,0.866666666666666,0.7680252889365781,68.0,41.0,30.0,0.999979621268381,0.529411764705882,0.692302808582083,83.0,42.0,31.0,0.969111685495283,0.372699386503067,0.538357952433842,39.0,24.0,14.0
2_ense_rmcv_genELtask_15_01_03,0.5868420246057651,1.0,0.7396350934826801,12.0,5.0,3.0,0.999928282347008,0.9939161784587652,0.996913166156935,26.0,10.0,7.0,0.9999033128659012,1.0,0.999951654095737,13.0,7.0,4.0
2_ense_enve_genELtask_50_04_05,0.182506660542554,0.6640419947506561,0.286320428634979,35.0,22.0,12.0,0.999984410889412,0.428571428571428,0.599997193929473,42.0,17.0,8.0,0.937168118712648,0.450389105058365,0.6083933736860121,48.0,34.0,23.0
2_rt10v_rutpt_genELtask_36_03_02,0.9999684222991192,0.9746835443037972,0.9871641003301672,27.0,14.0,11.0,0.9999605278738992,0.798962386511024,0.8882324455132301,20.0,9.0,4.0,0.999933996438877,0.9746835443037972,0.987147325099058,25.0,14.0,9.0
2_enseef_enve_genELtask_43_03_09,0.214876579245927,0.995915307256792,0.353485808465591,57.0,27.0,16.0,0.9999805165548252,0.918682488970028,0.957609113455355,54.0,29.0,15.0,0.9999585932664372,0.918682488970028,0.957599060954287,36.0,30.0,8.0
2_enseef_rt10v_genELtask_35_03_01,0.391156045341259,0.55909169103733,0.460284379487729,101.0,53.0,52.0,,,,,,,0.936932843595019,0.222303397703602,0.359345829833517,47.0,36.0,22.0
2_rmcv_rt10v_genELtask_29_02_06,0.9660408814625492,0.411463412761186,0.577116862169062,55.0,35.0,35.0,,,,,,,0.7548793166177751,0.56297558205565,0.644955105577183,70.0,47.0,45.0
2_enseef_enself_genELtask_59_05_03,0.272726033063486,0.9775360105270572,0.426469826376751,51.0,29.0,15.0,,,,,,,,,,,,
2_rt10v_rutpt_genELtask_34_03_00,0.487808909827258,1.0,0.655741347702905,15.0,5.0,3.0,0.999924035423212,1.0,0.999962016268897,18.0,7.0,3.0,0.999924035423212,1.0,0.999962016268897,18.0,7.0,3.0
2_enve_rmcv_genELtask_70_06_03,0.347586684851292,0.938228122460038,0.507251278902368,46.0,29.0,16.0,0.9999801548798732,0.395704287667927,0.567028509892201,47.0,22.0,12.0,0.943213662107766,0.580070754716981,0.718356539061433,38.0,29.0,12.0
2_enve_rmcv_genELtask_81_07_03,0.8052215201204641,0.933556672250139,0.8646530374561281,70.0,36.0,32.0,0.9999666386676,0.533369803063457,0.6956751233721911,77.0,32.0,28.0,0.988543209867918,0.6580958999305071,0.79016249455882,46.0,24.0,20.0
2_enseef_rutpt_genELtask_33_02_10,0.095011168899106,0.911547911547911,0.172085740948745,24.0,13.0,12.0,,,,,,,0.989297973164528,0.204235093817614,0.338573551001341,57.0,47.0,23.0
2_enseef_rutpt_genELtask_44_03_10,0.091146671989072,0.792651296829971,0.163493310242416,58.0,33.0,20.0,,,,,,,0.9999922963848312,0.359577374300167,0.528953553477383,29.0,34.0,2.0
2_rmcv_rutpt_genELtask_20_01_08,0.5782801378586421,0.8451025056947601,0.6866825244936531,21.0,10.0,8.0,0.9999939483761052,0.15010906206623,0.261034276581731,35.0,7.0,14.0,0.9998891453152512,0.48886018727801,0.656666618260859,33.0,21.0,18.0
2_ense_rutpt_genELtask_73_06_06,0.343661633801327,0.93459966338062,0.5025358242100271,10.0,7.0,4.0,,,,,,,,,,,,
2_ense_rutpt_genELtask_43_03_09,0.523799546675301,0.810185185185185,0.63625110930794,34.0,19.0,13.0,0.9999809527437572,0.673469387755102,0.8048718790308921,42.0,21.0,9.0,0.999961906213096,0.6947368421052631,0.8198629728586311,25.0,23.0,6.0
2_ense_rt10v_genELtask_60_05_04,0.594380762823812,0.9383697813121272,0.727775238522635,20.0,12.0,10.0,0.99999176735647,0.247860470154912,0.397256056698389,29.0,7.0,8.0,0.9998871822436772,0.597046083189812,0.7476564471568381,28.0,22.0,15.0
2_ense_rt10v_genELtask_58_05_02,0.7518808197684701,0.7228979375991531,0.7371045876754511,36.0,20.0,19.0,0.99999208807758,0.215909563193549,0.355140326864629,36.0,11.0,12.0,0.8856271723435871,0.36583522297808,0.517784018570507,43.0,25.0,21.0
2_ense_rutpt_genELtask_24_02_01,0.5573481288122081,0.9546835135463492,0.7038094375497791,10.0,6.0,4.0,0.999960205665284,0.493147438682412,0.6605388647964611,17.0,6.0,5.0,0.9998916267014312,0.97099307877751,0.985230486954072,17.0,12.0,9.0
2_enself_enve_genELtask_9_00_08,0.9652359707947332,0.768362583466288,0.8556204691697781,19.0,12.0,12.0,0.999973396145827,0.7837486389796231,0.8787555155027321,14.0,7.0,4.0,0.9474799728159452,0.955149640211399,0.9512993479615832,15.0,10.0,6.0
2_enve_rmcv_genELtask_58_05_02,0.415008541816268,0.490962099125364,0.449801473993236,47.0,26.0,19.0,0.9999852099317732,0.212445123115098,0.350439897859302,40.0,14.0,12.0,0.8575302629017151,0.6815398075240591,0.7594729071203481,47.0,33.0,29.0
2_enseef_rmcv_genELtask_24_02_01,0.77567212523937,0.557521064367919,0.648748511821253,20.0,12.0,11.0,0.999983982079033,0.461944639247555,0.6319559424668221,19.0,8.0,7.0,0.962423342740302,0.685453696831505,0.8006624552153411,21.0,14.0,10.0
2_ense_rmcv_genELtask_36_03_02,0.6965863019071621,0.8709677419354831,0.7740775519905101,13.0,7.0,5.0,0.999969621176065,0.427355623100303,0.598802049151352,21.0,7.0,6.0,0.99991994157317,0.902439024390243,0.9486819182778732,21.0,14.0,11.0
2_rt10v_rutpt_genELtask_79_07_01,0.305577114979487,1.0,0.468110403397027,4.0,3.0,0.0,0.999969354526046,0.99458561940514,0.997270221033034,13.0,7.0,4.0,0.999969354526046,0.99458561940514,0.997270221033034,13.0,7.0,4.0
2_ense_enseef_genELtask_48_04_03,0.655072463768116,1.0,0.7915936952714531,21.0,2.0,2.0,0.9999344970445412,0.762408546724309,0.8651648263449251,59.0,21.0,19.0,0.994528764202692,0.968615904619812,0.981401313828198,39.0,26.0,12.0
2_enve_rutpt_genELtask_68_06_01,0.612758862758862,0.73631531718092,0.6688790625402841,11.0,2.0,4.0,0.999959583943106,0.734713515891344,0.8470573755230311,14.0,7.0,5.0,0.99995724197451,0.996940869240813,0.998446777448246,13.0,6.0,4.0
2_enself_rutpt_genELtask_19_01_07,0.8802105407158861,0.477698355968548,0.6192979944867101,29.0,17.0,16.0,0.999988489711354,0.299522207142724,0.460971595356243,34.0,11.0,9.0,0.937223459978035,0.449635384720234,0.6077169751010041,36.0,24.0,21.0
2_enself_rutpt_genELtask_15_01_03,0.553448813982521,0.482353832172069,0.515461429504232,27.0,2.0,12.0,0.9999728687179172,0.575028126757922,0.7301741740599811,39.0,11.0,12.0,0.954121079554186,0.683627547963718,0.796536712797817,34.0,21.0,13.0
2_ense_rt10v_genELtask_49_04_04,0.32819794712184,0.900523560209424,0.481069114575047,68.0,40.0,28.0,0.999978120136858,0.5835156819839531,0.736981621221618,75.0,35.0,25.0,0.996464599156002,0.30859375,0.471247507967231,54.0,33.0,23.0
2_ense_rutpt_genELtask_36_03_02,0.964589734525874,0.765441225888836,0.853553220455989,19.0,12.0,12.0,0.9999735343110272,0.7788563443159541,0.8756719692018531,14.0,7.0,4.0,0.948454201632237,0.948423937871174,0.948439069510284,15.0,10.0,6.0
2_ense_enself_genELtask_2_00_01,0.9999916385568592,1.0,0.999995819260951,10.0,7.0,2.0,0.9999916385568592,1.0,0.999995819260951,10.0,7.0,2.0,0.9999916385568592,1.0,0.999995819260951,10.0,7.0,2.0
2_ense_rt10v_genELtask_53_04_08,0.375438596491228,1.0,0.545918367346938,5.0,4.0,0.0,0.9999716825400812,0.9649410439851612,0.9821440985953412,15.0,8.0,4.0,0.99995714450424,0.9649410439851612,0.982137086400542,16.0,9.0,5.0
2_enve_rutpt_genELtask_79_07_01,0.7245959005321511,1.0,0.84030804005572,6.0,5.0,0.0,0.999983389858438,0.9920143222202412,0.995982915750192,12.0,9.0,2.0,0.999983389858438,0.9920143222202412,0.995982915750192,12.0,9.0,2.0
2_ense_enve_genELtask_51_04_06,0.448062957547123,0.9944289693593312,0.617773696712791,8.0,5.0,2.0,0.99995956302415,0.285498504739216,0.444179343072323,24.0,5.0,5.0,0.9998886471346212,0.8052783575901411,0.8920932915681831,39.0,23.0,18.0
2_rmcv_rt10v_genELtask_37_03_03,0.9002713692269521,1.0,0.947518742644837,19.0,11.0,7.0,0.999966570032556,0.6698523023457861,0.8022785228808441,17.0,9.0,3.0,0.999929916709381,0.950678175092478,0.97468225671055,25.0,17.0,11.0
2_ense_enve_genELtask_31_02_08,0.88321907198791,1.0,0.937988665392594,43.0,21.0,16.0,0.999976675301335,1.0,0.9999883375146552,49.0,16.0,9.0,0.999962076127302,1.0,0.9999810377040892,33.0,20.0,7.0
2_enve_rt10v_genELtask_85_07_07,0.971842610813648,0.605565903363646,0.746179246853621,22.0,14.0,14.0,0.9999795552857752,0.5052420046913441,0.6713053926368471,17.0,7.0,6.0,0.936995854755172,0.7352531013237861,0.8239551959436151,18.0,12.0,8.0
2_ense_rutpt_genELtask_48_04_03,0.9650516985908292,0.7514651617104401,0.844970122359544,19.0,12.0,12.0,,,,,,,0.9504255156455352,0.9188994286348252,0.934396629070668,15.0,10.0,6.0
2_enseef_rmcv_genELtask_37_03_03,0.232737151913063,0.8909987219280621,0.36906983166942,56.0,27.0,17.0,0.999979809078554,0.7639950910978941,0.866202421878684,54.0,27.0,15.0,0.9999596189724392,0.7639950910978941,0.8661948471008121,35.0,27.0,9.0
2_enself_rt10v_genELtask_18_01_06,0.350082811041695,0.937825253355245,0.509844623287187,48.0,30.0,18.0,0.9999801320524332,0.394602479941648,0.565896400265661,47.0,22.0,12.0,0.943703763058128,0.578884793722506,0.717588157063451,38.0,29.0,12.0
2_ense_enve_genELtask_13_01_01,0.262561550272674,1.0,0.415918812379434,5.0,4.0,0.0,,,,,,,0.9999143769922932,1.0,0.9999571866632432,12.0,8.0,4.0
2_enseef_enve_genELtask_32_02_09,0.262397526131843,1.0,0.415712991668899,57.0,23.0,19.0,0.9999770461078112,0.995614002034741,0.997790754518516,49.0,22.0,14.0,0.99995409326936,0.995614002034741,0.9977793280957572,32.0,23.0,9.0
2_enve_rutpt_genELtask_38_03_04,0.999946849528312,0.8897058823529411,0.9416106769839412,15.0,8.0,7.0,0.9999325346723592,0.314285714285714,0.478253153380238,19.0,6.0,7.0,0.999845969258706,0.8897058823529411,0.9415659480713512,19.0,14.0,11.0
2_ense_rutpt_genELtask_55_04_10,0.922038199798948,0.372353673723536,0.5304797071605081,49.0,28.0,28.0,0.9999950000249992,0.122777591412277,0.218703196824962,63.0,23.0,19.0,0.966297488204652,0.17986838898367,0.303283104028023,41.0,25.0,22.0
2_enve_rmcv_genELtask_48_04_03,0.310591500770047,0.962264150943396,0.46960716460881,27.0,12.0,10.0,0.99995442068222,0.144990176817288,0.253258661738882,45.0,11.0,19.0,0.9543865417117092,0.771764705882352,0.8534151913847,32.0,21.0,18.0
2_ense_enve_genELtask_85_07_07,0.355510034247671,0.9505055016444032,0.51747354323988,48.0,28.0,13.0,,,,,,,,,,,,
2_rmcv_rt10v_genELtask_38_03_04,0.117096479831115,0.5127401019208151,0.190652822470773,46.0,29.0,16.0,0.99998321271705,0.485884101040118,0.6539964098646821,51.0,21.0,9.0,0.948058531506299,0.584840055632823,0.723417203148606,53.0,36.0,22.0
2_rt10v_rutpt_genELtask_92_08_03,0.553448813982521,0.482353832172069,0.515461429504232,27.0,2.0,12.0,0.9999728687179172,0.575028126757922,0.7301741740599811,39.0,11.0,12.0,0.954121079554186,0.683627547963718,0.796536712797817,34.0,21.0,13.0
2_ense_enve_genELtask_14_01_02,0.513849454224241,1.0,0.678864668861751,9.0,5.0,2.0,0.9999553538686292,0.9052540913006032,0.950251089194146,12.0,7.0,3.0,0.9999321594502372,1.0,0.999966078574494,14.0,9.0,5.0
2_ense_rt10v_genELtask_21_01_09,0.439765122158905,0.9838318512530312,0.607833456140563,14.0,9.0,6.0,0.9999464729531912,0.6914185139377791,0.817542647158023,19.0,7.0,4.0,0.9999010667301392,0.968225419664268,0.983808344280905,19.0,12.0,9.0
2_enseef_rt10v_genELtask_20_01_08,0.403107621057632,0.995612347009468,0.5738660115837271,20.0,12.0,6.0,0.999973559838885,0.8953963309103491,0.9447999156862832,22.0,13.0,5.0,0.9999537228773212,0.995612347009468,0.9977783125879912,21.0,16.0,6.0
2_enve_rutpt_genELtask_57_05_01,0.7272727272727271,1.0,0.842105263157894,6.0,5.0,0.0,0.999962501406197,1.0,0.999981250351555,16.0,9.0,4.0,0.999950003749718,1.0,0.9999750012499372,12.0,11.0,2.0
2_enve_rt10v_genELtask_90_08_01,0.222222222222222,0.949402480270574,0.360146604113297,59.0,28.0,21.0,,,,,,,,,,,,
2_enve_rt10v_genELtask_88_07_10,0.528845874386026,1.0,0.6918236602475141,6.0,5.0,0.0,,,,,,,0.9999222564581572,0.997746185852981,0.998833035953066,14.0,10.0,5.0
2_rt10v_rutpt_genELtask_91_08_02,0.984592744119528,0.6909480091640321,0.812039211882551,35.0,22.0,22.0,0.9999603921122112,0.396498619700312,0.567840390406966,33.0,11.0,15.0,0.961535152634132,0.6281265964201991,0.7598670636967211,37.0,22.0,20.0
2_ense_enself_genELtask_81_07_03,0.260869565217391,0.956599722803489,0.409945049505911,39.0,27.0,7.0,,,,,,,,,,,,
2_enve_rutpt_genELtask_65_05_09,0.729043111348324,0.6015037593984961,0.659160803547576,34.0,20.0,18.0,0.9999908509528732,0.206679944844492,0.342559138150624,43.0,14.0,11.0,0.9797901201625492,0.221002621231979,0.360655385977178,39.0,28.0,22.0
2_enve_rt10v_genELtask_56_05_00,0.564754460993953,1.0,0.721844193542306,6.0,5.0,0.0,0.9999598925132572,1.0,0.999979945854468,16.0,9.0,4.0,0.999939568466039,1.0,0.9999697833199992,12.0,11.0,2.0
2_ense_rmcv_genELtask_47_04_02,0.704876993006993,0.9093149334647612,0.794149896905968,64.0,39.0,33.0,0.9999752457108292,0.8827395364925631,0.937707286570242,58.0,23.0,16.0,0.9999457747435052,0.835351882160392,0.910268241065006,40.0,28.0,13.0
2_rmcv_rt10v_genELtask_12_01_00,0.246560987169968,0.644859813084112,0.356727758775521,110.0,64.0,47.0,0.9999972477139972,0.294223826714801,0.45467196098091,114.0,66.0,53.0,0.999953538524817,0.096707208543458,0.176358487604131,51.0,47.0,25.0
2_enve_rt10v_genELtask_109_09_09,0.225437493472607,0.994035349326784,0.367524113224163,78.0,37.0,34.0,0.9999460510647372,0.987550486506333,0.9937096146249332,60.0,20.0,17.0,0.9999052057563792,0.987550486506333,0.9936894455047812,38.0,22.0,12.0
2_enself_rmcv_genELtask_6_00_05,0.9999916843532712,1.0,0.999995842159348,10.0,7.0,2.0,0.9999916843532712,1.0,0.999995842159348,10.0,7.0,2.0,0.9999916843532712,1.0,0.999995842159348,10.0,7.0,2.0
2_enself_rt10v_genELtask_13_01_01,0.399205064124267,0.780423972781994,0.5282155531125821,56.0,33.0,22.0,0.999993733767607,0.359949019936181,0.5293557591768661,44.0,27.0,8.0,0.974759294147792,0.322404177471492,0.48454412313986,43.0,33.0,14.0
2_enseef_rmcv_genELtask_14_01_02,0.7156021491591,0.854368932038835,0.7788528734876411,13.0,7.0,5.0,0.999969605787058,0.422039859320046,0.593564307560928,21.0,7.0,6.0,0.999918849917938,0.8888888888888881,0.9411405271391812,21.0,14.0,11.0
2_enself_enve_genELtask_32_02_09,0.296747590808005,0.9881056272019132,0.456422508386071,48.0,24.0,16.0,0.9999818598732412,0.987722152690863,0.99381419873645,46.0,26.0,12.0,0.9999637204045992,0.987722152690863,0.993805240455477,29.0,26.0,6.0
2_ense_enve_genELtask_52_04_07,0.318910289557756,0.940086064217146,0.47625732679811,52.0,32.0,20.0,0.9999793159599932,0.464591529738486,0.634427377102582,55.0,22.0,12.0,0.9307608184693372,0.5955206170275881,0.7263237880365071,37.0,26.0,13.0
2_enseef_rt10v_genELtask_46_04_01,0.124712160577651,1.0,0.221767248455106,57.0,28.0,19.0,,,,,,,0.999984232214168,0.378395188579726,0.549034926693109,35.0,34.0,9.0
2_ense_enve_genELtask_3_00_02,0.449740927490259,1.0,0.620443168792696,8.0,4.0,2.0,0.99994602477269,0.6827635714562881,0.811461134669153,16.0,7.0,4.0,0.9999003956395072,1.0,0.999950195339372,17.0,12.0,7.0
2_enseef_enve_genELtask_64_05_08,0.31578947368421,0.961977921105394,0.475489518108612,44.0,25.0,13.0,,,,,,,0.999990625087889,0.5850692803303561,0.7382229445806281,25.0,28.0,2.0
2_enve_rutpt_genELtask_74_06_07,0.6910161070216141,0.8949356463346391,0.779866026890566,20.0,12.0,7.0,0.999994206024542,0.374059951276347,0.544458574641551,21.0,9.0,4.0,0.999939195755478,0.6643152746425881,0.7982852301370761,33.0,21.0,16.0
2_rt10v_rutpt_genELtask_52_04_07,0.775730598925458,0.760067607289829,0.7678192328141431,41.0,25.0,20.0,,,,,,,0.848949124771983,0.312437464517484,0.456770406157989,37.0,23.0,19.0
2_rt10v_rutpt_genELtask_71_06_04,0.316609088642139,0.978322875071306,0.478397201634953,41.0,26.0,13.0,,,,,,,0.9786643281014472,0.680606377417668,0.8028649946527351,33.0,25.0,10.0
2_enve_rt10v_genELtask_74_06_07,0.8237121508566251,0.724998929290333,0.7712096014161961,36.0,22.0,22.0,0.999965710364044,0.31517177055806,0.479282155675176,36.0,11.0,14.0,0.961368055017889,0.483060135328314,0.6430206580860921,40.0,24.0,22.0
2_enve_rt10v_genELtask_47_04_02,0.261192567952045,0.331768388106416,0.292280415327318,23.0,12.0,10.0,0.999987395116868,0.186889818688981,0.314922994208278,32.0,8.0,10.0,0.886452862532877,0.594684385382059,0.711830961604183,38.0,25.0,22.0
2_ense_enseef_genELtask_59_05_03,0.101800052423948,1.0,0.184788614231756,10.0,4.0,4.0,0.9999664512059052,0.7971452228382171,0.887110679976254,47.0,20.0,16.0,0.999937954635036,0.8871043343442391,0.9401477633146952,36.0,26.0,12.0
2_ense_enseef_genELtask_1_00_00,0.9999916385568592,1.0,0.999995819260951,10.0,7.0,2.0,0.9999916385568592,1.0,0.999995819260951,10.0,7.0,2.0,0.9999916385568592,1.0,0.999995819260951,10.0,7.0,2.0
2_rmcv_rt10v_genELtask_39_03_05,0.223922259099525,0.7017142857142851,0.339505714159457,58.0,37.0,24.0,0.999981595430758,0.534749034749034,0.6968508771610991,64.0,31.0,17.0,0.9109603327484872,0.596984924623115,0.721285581054071,45.0,34.0,17.0
2_enself_enve_genELtask_3_00_02,0.5316807469986661,1.0,0.6942448653748451,6.0,5.0,0.0,0.999955501412544,0.899876983382331,0.9472802968992732,10.0,7.0,2.0,0.9999331693669872,1.0,0.9999665835668732,12.0,9.0,4.0
2_enseef_rmcv_genELtask_56_05_00,0.3,0.964977325652653,0.457704959330294,45.0,26.0,13.0,,,,,,,,,,,,
2_enve_rt10v_genELtask_48_04_03,0.062498278077038,0.310975609756097,0.104079244985377,46.0,24.0,23.0,0.9999903744242032,0.099413399197283,0.18084791897449,53.0,14.0,19.0,0.9335701975557812,0.283549783549783,0.434983619618205,59.0,39.0,36.0
2_ense_enve_genELtask_1_00_00,0.9999916385568592,1.0,0.999995819260951,10.0,7.0,2.0,0.9999916385568592,1.0,0.999995819260951,10.0,7.0,2.0,0.9999916385568592,1.0,0.999995819260951,10.0,7.0,2.0
2_ense_enve_genELtask_74_06_07,0.376214776532216,0.994733180959952,0.545948253307299,27.0,17.0,8.0,,,,,,,0.945685191537984,0.507638900441974,0.6606462982975451,28.0,22.0,8.0
2_ense_rutpt_genELtask_88_07_10,0.333333333333333,0.933384683612258,0.49123518211412,35.0,25.0,3.0,,,,,,,,,,,,
2_enself_rmcv_genELtask_15_01_03,0.303335929965216,0.790966386554621,0.438505010571132,78.0,46.0,32.0,0.999976240472256,0.5228810187027451,0.6866941627607771,79.0,34.0,25.0,0.9872264432186152,0.363284489908764,0.531123511926861,51.0,35.0,26.0
2_rmcv_rt10v_genELtask_54_04_09,0.441785558219033,0.9966820542412,0.612206675889985,12.0,8.0,6.0,0.9999450953973992,0.6907921928817451,0.8171041947196591,16.0,7.0,4.0,0.994610654336551,0.998473282442748,0.996538225472552,21.0,14.0,11.0
2_ense_enseef_genELtask_47_04_02,0.344364190296313,0.954362416107382,0.506108428135021,52.0,31.0,20.0,0.9999806295142952,0.440533672172808,0.611622027362969,54.0,24.0,13.0,0.945322648096083,0.569013622189397,0.710412178174166,38.0,29.0,12.0
2_rt10v_rutpt_genELtask_62_05_06,0.888929761186602,0.58980441405614,0.7091128422018961,33.0,20.0,20.0,,,,,,,,,,,,
2_rt10v_rutpt_genELtask_90_08_01,0.143881523107091,1.0,0.251567177545224,4.0,3.0,0.0,0.9999705221321772,0.8644240297827891,0.9272699788976012,15.0,7.0,4.0,0.9999632697337992,0.9800944413233932,0.989929168953756,17.0,9.0,6.0
2_enve_rt10v_genELtask_60_05_04,0.901677784888781,0.654304635761589,0.758327275149257,40.0,22.0,19.0,0.9999848278164052,0.181861461556772,0.307753561451281,57.0,18.0,16.0,0.950722616003376,0.6186107470511141,0.7495249149352561,45.0,30.0,23.0
2_rt10v_rutpt_genELtask_27_02_04,0.8999793932104021,0.903420523138833,0.901696675104934,31.0,17.0,12.0,0.9999828574367292,0.375855631611698,0.546356554892866,26.0,12.0,5.0,0.9999342879672692,0.663736263736263,0.7978654759472441,37.0,23.0,16.0
2_rmcv_rt10v_genELtask_27_02_04,0.516174675851637,0.794117647058823,0.6256671307486,27.0,19.0,11.0,0.999966555172648,0.6649874055415611,0.7987790423554341,35.0,14.0,9.0,0.999903722656389,0.846153846153846,0.916626214700918,29.0,21.0,14.0
2_ense_rmcv_genELtask_37_03_03,0.347586684851292,0.938228122460038,0.507251278902368,46.0,29.0,16.0,0.9999801548798732,0.395704287667927,0.567028509892201,47.0,22.0,12.0,0.943213662107766,0.580070754716981,0.718356539061433,38.0,29.0,12.0
2_enseef_enve_genELtask_31_02_08,0.355749896035362,0.7186262671646401,0.475906351218088,55.0,34.0,26.0,0.9999729144583452,0.8223839854413101,0.902525417244995,44.0,19.0,11.0,0.999918792644788,0.891761223482979,0.9427480317076132,34.0,25.0,15.0
2_rt10v_rutpt_genELtask_61_05_05,0.605456915994056,0.8172844922132041,0.6956015271512921,17.0,9.0,7.0,0.999986784471079,0.425507916015492,0.5969889506542301,21.0,9.0,7.0,0.9699429828767232,0.669481921785798,0.7921793677187431,22.0,14.0,9.0
2_ense_rt10v_genELtask_25_02_02,0.7156021491591,0.854368932038835,0.7788528734876411,13.0,7.0,5.0,0.999969605787058,0.422039859320046,0.593564307560928,21.0,7.0,6.0,0.999918849917938,0.8888888888888881,0.9411405271391812,21.0,14.0,11.0
2_enseef_enve_genELtask_30_02_07,0.6670729945878161,0.594415171862814,0.6286516501199011,50.0,30.0,21.0,0.9999735642989972,0.412198391420911,0.583763886540791,51.0,15.0,12.0,0.99991352642056,0.8417043253712071,0.914013229581276,38.0,24.0,15.0
2_enself_rt10v_genELtask_10_00_09,0.498406375838381,1.0,0.665248605285085,9.0,6.0,4.0,0.999950689843589,0.687113549813684,0.8145269776765001,16.0,6.0,3.0,0.9998882948342572,0.997266135742303,0.998575493909553,16.0,11.0,8.0
2_rmcv_rutpt_genELtask_38_03_04,0.349958743145046,0.972942135289323,0.5147620843999631,44.0,27.0,15.0,0.999979768010162,0.502176986146451,0.668594438918876,46.0,22.0,12.0,0.943053585938286,0.604190761276277,0.736514907988688,38.0,29.0,12.0
2_enself_enve_genELtask_6_00_05,0.6462704836598631,0.6465378421900161,0.646404135279471,25.0,13.0,10.0,0.999975452553115,0.267064144736842,0.421545766312493,29.0,8.0,9.0,0.9494909669515752,0.8281710914454271,0.884691178172457,28.0,18.0,15.0
2_enve_rutpt_genELtask_46_04_01,0.529747534342072,0.9424657534246572,0.678256219023699,15.0,9.0,5.0,0.99995789650962,0.521384928716904,0.685398409808051,25.0,10.0,7.0,0.9999024204979232,0.960600375234521,0.97985745536197,21.0,16.0,9.0
2_ense_rutpt_genELtask_49_04_04,0.254065466328768,1.0,0.405186927078911,66.0,29.0,21.0,0.999979744554846,0.7605815186700271,0.8640041430420191,74.0,32.0,23.0,0.999950592791603,0.898376364553337,0.9464460005788572,43.0,30.0,14.0
2_ense_rutpt_genELtask_53_04_08,0.587265446107901,0.8377253814147011,0.690484682891213,28.0,18.0,11.0,0.999996428584183,0.284328983598707,0.442766242020272,24.0,11.0,4.0,0.999933686890258,0.583968527169904,0.737330622076769,38.0,25.0,18.0
2_enseef_enself_genELtask_36_03_02,0.194818945436577,0.939702372595816,0.322729634681293,76.0,37.0,34.0,0.999955638018094,0.94680353187108,0.9726539825096372,53.0,23.0,16.0,0.999921883586294,0.94680353187108,0.972638014028554,33.0,23.0,10.0
2_ense_rt10v_genELtask_51_04_06,0.32823707113298,0.949177877428998,0.487790387645361,48.0,28.0,22.0,0.9999780539167552,0.464820846905537,0.634640899372066,46.0,19.0,12.0,0.945547714508714,0.484056987788331,0.6403154351126741,38.0,29.0,16.0
2_ense_enve_genELtask_64_05_08,0.844557955914588,0.8677694702730181,0.85600639084615,38.0,24.0,24.0,0.999964401670992,0.702658017720118,0.8253538732564061,39.0,12.0,14.0,0.9998886779644752,0.8772566482167381,0.934566949065618,31.0,21.0,11.0
2_ense_enseef_genELtask_35_03_01,0.613226590030449,0.7371737900945301,0.6695119110047241,11.0,2.0,4.0,0.999959603397321,0.736666666666666,0.848353984428537,14.0,7.0,5.0,0.99995715816078,0.998445625962404,0.99920082042268,13.0,6.0,4.0
2_enve_rutpt_genELtask_77_06_10,0.430260001972527,0.6215005599104141,0.508493742443146,86.0,54.0,43.0,,,,,,,,,,,,
2_enseef_rmcv_genELtask_13_01_01,0.724798331778521,1.0,0.840444147497693,6.0,5.0,0.0,0.999983385603606,0.9896890987800072,0.99480961159254,12.0,9.0,2.0,0.999983385603606,0.9896890987800072,0.99480961159254,12.0,9.0,2.0
2_ense_enseef_genELtask_58_05_02,0.225420538815396,0.637019197304859,0.333002306545369,55.0,36.0,23.0,0.999982296525308,0.484721663109443,0.652942397986183,44.0,20.0,10.0,,,,,,
2_enve_rt10v_genELtask_96_08_07,0.9652300174717752,0.768572469045884,0.855748245251958,19.0,12.0,12.0,0.999973384276718,0.7840037785383921,0.8789158606421261,14.0,7.0,4.0,0.947444388709922,0.955454056155249,0.9514323653131852,15.0,10.0,6.0
2_enseef_rutpt_genELtask_27_02_04,0.220718291751281,0.6349925628696941,0.327574373971091,56.0,37.0,24.0,,,,,,,0.999917632094613,0.7217976132506221,0.8383943422053901,35.0,27.0,11.0
2_ense_rt10v_genELtask_43_03_09,0.316894690458113,0.9996728242814712,0.481237774232528,23.0,14.0,6.0,0.999975420250205,0.740033123550844,0.8505877012595171,30.0,13.0,5.0,0.9896059143986292,0.6623314789755921,0.7935496242358571,37.0,28.0,18.0
2_enve_rt10v_genELtask_75_06_08,0.7740693215001581,0.8127877119526241,0.792956163600802,28.0,16.0,16.0,0.999969046687424,0.231356277731142,0.375772530459738,36.0,8.0,17.0,0.98165723341719,0.656575006806425,0.7868623127872161,36.0,23.0,17.0
2_rt10v_rutpt_genELtask_51_04_06,0.545070482757374,0.7510891903000411,0.631706966449578,30.0,18.0,16.0,,,,,,,0.878720533973232,0.341596510002819,0.491950627346905,34.0,21.0,17.0
2_enve_rmcv_genELtask_47_04_02,0.7125106697886,0.866071428571428,0.7818220342132111,13.0,7.0,5.0,0.999968022702797,0.429028815368196,0.600442330950693,21.0,7.0,6.0,0.99991789143025,0.899328859060402,0.9469596472619852,21.0,14.0,11.0
2_enve_rutpt_genELtask_70_06_03,0.97493545754995,0.6375132876360831,0.7709197711012511,38.0,23.0,23.0,0.9999658433765,0.28928206054041,0.448745627218993,32.0,10.0,16.0,0.8459696881426381,0.6019518123972261,0.7033986121771201,53.0,35.0,33.0
2_enseef_enself_genELtask_13_01_01,0.8295699853207841,1.0,0.906846955270019,15.0,9.0,3.0,0.99997573655231,1.0,0.999987868128974,27.0,13.0,7.0,0.9999575617277512,1.0,0.999978780413614,19.0,17.0,3.0
2_enself_rt10v_genELtask_6_00_05,0.605456915994056,0.8172844922132041,0.6956015271512921,17.0,9.0,7.0,0.999986784471079,0.425507916015492,0.5969889506542301,21.0,9.0,7.0,0.9699429828767232,0.669481921785798,0.7921793677187431,22.0,14.0,9.0
2_enve_rmcv_genELtask_89_08_00,0.3,0.9640707026922892,0.457602901786564,45.0,26.0,13.0,,,,,,,,,,,,
2_ense_rt10v_genELtask_50_04_05,0.268907774520756,0.869340974212034,0.410758275702604,42.0,26.0,15.0,0.999977378788884,0.451655629139072,0.622258394063948,44.0,19.0,10.0,0.931783835398009,0.574719101123595,0.71093650777462,35.0,25.0,13.0
2_enve_rt10v_genELtask_86_07_08,0.9848678407290292,0.7152938758998001,0.8287093258881221,29.0,18.0,18.0,0.999957983810105,0.409621046600326,0.5811718634397981,25.0,8.0,12.0,0.968874985221908,0.693871942841439,0.808631977626825,31.0,18.0,16.0
2_ense_rt10v_genELtask_33_02_10,0.9999706267886912,0.979527881450685,0.98964369560696,30.0,15.0,13.0,0.9999652718620172,0.36135220235398,0.5308675751377351,41.0,12.0,12.0,0.9999227112316212,0.979527881450685,0.989620229540463,29.0,16.0,12.0
2_enself_rt10v_genELtask_21_01_09,0.9999667850151852,0.982152588555858,0.990979634695894,17.0,10.0,7.0,,,,,,,0.999908998246086,0.982152588555858,0.990951257505825,19.0,14.0,9.0
2_rt10v_rutpt_genELtask_102_09_02,0.206376405307617,0.9973077373288072,0.341984709318483,29.0,16.0,14.0,,,,,,,0.889192139603533,0.8494048565203971,0.868843237901426,37.0,25.0,22.0
2_enseef_rutpt_genELtask_53_04_08,0.175596023577021,0.9991326973113612,0.298696585099205,14.0,9.0,2.0,0.999989192262517,0.932491356226082,0.9650614893211692,18.0,18.0,2.0,0.999989192262517,0.932491356226082,0.9650614893211692,18.0,18.0,2.0
2_rt10v_rutpt_genELtask_80_07_02,0.985072402672326,0.712919969188461,0.8271860328700411,29.0,18.0,18.0,0.999958215484349,0.408035700462898,0.5795744516613001,25.0,8.0,12.0,0.9686666193751672,0.691338675620024,0.8068368212742281,31.0,18.0,16.0
2_enself_rmcv_genELtask_3_00_02,0.706185805810103,0.78169014084507,0.7420221870613031,12.0,7.0,5.0,0.999970803772152,0.364734299516908,0.534509103501085,24.0,8.0,7.0,0.9998970863015292,0.829670329670329,0.906864582289819,20.0,14.0,11.0
2_enseef_rt10v_genELtask_21_01_09,0.323370650458697,0.9683410492990572,0.484834309446013,22.0,13.0,8.0,0.999974873337461,0.808335595981536,0.894000558997158,21.0,11.0,4.0,0.9999436784512072,0.9683410492990572,0.983888659175998,23.0,16.0,8.0
2_ense_rt10v_genELtask_31_02_08,0.560804262046058,0.9522776572668112,0.7058988175458281,10.0,6.0,4.0,0.9999613614145412,0.48218793828892,0.650635273147622,17.0,6.0,5.0,0.999891247371402,0.968996617812852,0.984201542420387,17.0,12.0,9.0
2_rmcv_rutpt_genELtask_22_01_10,0.5810393600057651,0.27069351230425,0.369326088637156,42.0,24.0,18.0,0.9999920635550512,0.195216049382716,0.326661939369636,51.0,21.0,16.0,0.882285684874598,0.210106382978723,0.339390699471461,41.0,32.0,22.0
2_ense_enself_genELtask_36_03_02,0.252685684913903,1.0,0.403430306511837,24.0,16.0,4.0,0.999977720419657,1.0,0.999988860085732,33.0,22.0,7.0,0.999955441832052,1.0,0.999977720419657,21.0,23.0,2.0
2_ense_enseef_genELtask_70_06_03,0.255365119632201,0.953464788732394,0.40283856009013,43.0,25.0,12.0,0.99999349651232,0.354734346674104,0.5236949125210181,44.0,26.0,11.0,0.960891204240725,0.35300484772231,0.5163258580827941,36.0,28.0,10.0
2_ense_rutpt_genELtask_59_05_03,0.456102571226449,0.8951559983296541,0.60430026004728,31.0,20.0,20.0,0.999971082245738,0.7017752471549551,0.8247468394868801,41.0,13.0,11.0,0.932650769964648,0.8215002721440491,0.8735540360541411,36.0,21.0,15.0
2_enve_rutpt_genELtask_83_07_05,0.63766810311605,0.82383808095952,0.7188957146869801,20.0,12.0,10.0,0.9999849524483452,0.468847352024922,0.6383850567451991,18.0,7.0,7.0,0.9999267492461212,0.6979087706782,0.8220556586844351,21.0,14.0,10.0
2_enve_rutpt_genELtask_93_08_04,0.292253437667682,0.943058402242796,0.446222647711078,49.0,30.0,19.0,0.999976518607339,0.661563242239755,0.796306803366801,58.0,24.0,15.0,0.979833439440754,0.780331036259419,0.8687761328171191,37.0,27.0,13.0
2_ense_enseef_genELtask_36_03_02,0.335428382401587,1.0,0.5023532325984641,16.0,11.0,2.0,0.999979979833592,1.0,0.999989989816593,28.0,19.0,8.0,0.999964939702187,1.0,0.999982469543782,20.0,22.0,2.0
2_enve_rutpt_genELtask_81_07_03,0.553448813982521,0.482353832172069,0.515461429504232,27.0,2.0,12.0,0.9999728687179172,0.575028126757922,0.7301741740599811,39.0,11.0,12.0,0.954121079554186,0.683627547963718,0.796536712797817,34.0,21.0,13.0
2_ense_rutpt_genELtask_46_04_01,0.5990682072307111,0.658003751758636,0.627154436304579,15.0,2.0,6.0,0.999966926994438,0.975996442136641,0.9878362911454752,15.0,6.0,4.0,0.99995000165365,0.975996442136641,0.9878280324808932,16.0,7.0,5.0
2_enself_enve_genELtask_43_03_09,0.120050399686034,0.992383916141184,0.214189879042252,50.0,23.0,18.0,0.9999758500451552,0.9940091657004032,0.9969835806938412,47.0,25.0,12.0,0.999951701256724,0.9940091657004032,0.996971578307576,31.0,25.0,8.0
2_enve_rutpt_genELtask_91_08_02,0.965147839769944,0.7672088109111861,0.8548700710240701,19.0,12.0,12.0,0.999973446093262,0.782110895466062,0.877725154895818,14.0,7.0,4.0,0.9477285006183,0.9531862121075232,0.950449521551991,15.0,10.0,6.0
2_ense_enve_genELtask_30_02_07,0.55183789844381,0.913858580987401,0.688139469370402,15.0,9.0,6.0,0.999960365770856,0.364346621966328,0.5340912047560511,23.0,8.0,8.0,0.9520685225805032,0.789164614510323,0.8629961980449771,26.0,19.0,13.0
2_enself_enve_genELtask_31_02_08,0.063115705612325,1.0,0.118737227338716,10.0,5.0,5.0,,,,,,,,,,,,
2_ense_enseef_genELtask_82_07_04,0.260867296806114,0.851689337428696,0.399400602786254,48.0,31.0,14.0,0.9999950000249992,0.351919629518972,0.5206214390154671,39.0,42.0,1.0,0.9999925000562492,0.248509942507516,0.39808985585422,28.0,38.0,0.0
2_ense_enseef_genELtask_71_06_04,0.157899168951742,0.736758893280632,0.260062747719589,64.0,32.0,24.0,0.999994444475308,0.317141909814323,0.481560085851028,41.0,39.0,5.0,0.99999166673611,0.302881570614312,0.464940161390075,31.0,35.0,4.0
2_rmcv_rt10v_genELtask_17_01_05,0.6526084080791,0.8016398024783371,0.719487734693787,25.0,15.0,13.0,0.99998845351907,0.318739329057265,0.483398701310413,24.0,9.0,9.0,0.971953434341488,0.593521223577934,0.736996908500358,25.0,16.0,11.0
2_ense_rt10v_genELtask_63_05_07,0.985631416486038,0.58348814205409,0.7330279465646871,37.0,24.0,24.0,0.999964058530892,0.343120501268706,0.5109256398048461,35.0,13.0,13.0,0.8685878833091141,0.511472625870819,0.643825285225615,37.0,22.0,20.0
2_enve_rutpt_genELtask_48_04_03,0.451396747515872,0.941935483870967,0.610316196254125,10.0,6.0,4.0,0.999959246943898,0.462295081967213,0.632278849020803,17.0,6.0,5.0,0.9999000081502792,0.969072164948453,0.984244753550997,17.0,12.0,9.0
2_rmcv_rutpt_genELtask_39_03_05,0.347586684851292,0.938228122460038,0.507251278902368,46.0,29.0,16.0,,,,,,,0.943213662107766,0.580070754716981,0.718356539061433,38.0,29.0,12.0
2_ense_rmcv_genELtask_6_00_05,0.9999900179907292,1.0,0.999995008970454,9.0,6.0,2.0,0.9999900179907292,1.0,0.999995008970454,9.0,6.0,2.0,0.9999900179907292,1.0,0.999995008970454,9.0,6.0,2.0
2_enself_enve_genELtask_42_03_08,0.089373633824702,0.9147802929427432,0.162838060484831,28.0,16.0,6.0,0.9999904708792332,0.579359719032824,0.7336614791889241,38.0,25.0,5.0,0.999980885310729,0.491463274894007,0.6590308827368441,22.0,24.0,4.0
2_enve_rutpt_genELtask_55_04_10,0.797791071166094,0.324022346368715,0.460864758346906,68.0,38.0,36.0,0.9999945173125392,0.229194363201276,0.372917637368163,90.0,36.0,29.0,0.901900248183476,0.6339468302658481,0.7445491306714911,43.0,31.0,18.0
2_enself_enve_genELtask_7_00_06,0.9646628283681772,0.412360933264596,0.5777522149943111,56.0,36.0,36.0,,,,,,,0.7549804058706631,0.5623003194888171,0.6445485996358441,70.0,47.0,45.0
2_enself_enve_genELtask_54_04_09,0.418045730633802,0.997344815213491,0.589145862522586,21.0,11.0,7.0,0.999990000099999,0.944525893346365,0.971466935667847,18.0,18.0,2.0,0.999990000099999,0.944525893346365,0.971466935667847,18.0,18.0,2.0
2_enseef_enve_genELtask_53_04_08,0.461538461538461,1.0,0.631578947368421,14.0,9.0,2.0,0.999990000099999,0.9793776846794292,0.98957651833106,15.0,17.0,0.0,0.999990000099999,0.9793776846794292,0.98957651833106,15.0,17.0,0.0
2_ense_rutpt_genELtask_58_05_02,0.6514437730290441,0.888699895806431,0.751797413357422,26.0,16.0,16.0,,,,,,,0.972305922828994,0.5471019685953921,0.700207610423846,37.0,21.0,19.0
2_enseef_rmcv_genELtask_6_00_05,0.9999916831367532,1.0,0.999995841551084,10.0,7.0,2.0,0.9999916831367532,1.0,0.999995841551084,10.0,7.0,2.0,0.9999916831367532,1.0,0.999995841551084,10.0,7.0,2.0
2_enve_rmcv_genELtask_69_06_02,0.875055836127258,0.420022338486861,0.5675997106603381,39.0,21.0,20.0,,,,,,,,,,,,
2_enseef_enve_genELtask_19_01_07,0.38658878798223,0.9996457459998812,0.557556211282027,19.0,11.0,6.0,0.999975326605625,0.806953477318308,0.8931547997736051,21.0,11.0,4.0,0.999907353633494,0.6974928854863921,0.82176053617915,29.0,22.0,14.0
2_enve_rt10v_genELtask_73_06_06,0.978545949737159,0.320364312600824,0.482698781625753,60.0,38.0,38.0,0.999983511484769,0.158346416242972,0.273400179957871,69.0,25.0,27.0,0.880498531207595,0.52843439534087,0.660479573115015,60.0,36.0,35.0
2_rt10v_rutpt_genELtask_38_03_04,0.8432749322387051,0.8923327895595431,0.8671105379394811,31.0,17.0,12.0,,,,,,,,,,,,
2_enseef_rutpt_genELtask_15_01_03,0.999964245972414,0.8764880952380951,0.934163621435919,18.0,9.0,8.0,0.99995843128923,0.2780925401322,0.43516414666084,23.0,7.0,8.0,0.99989083345123,0.8764880952380951,0.9341315857451792,23.0,16.0,13.0
2_enve_rutpt_genELtask_53_04_08,0.7113967187922421,0.46788990825688,0.5645028746282611,39.0,22.0,21.0,0.999982608998104,0.133519748339741,0.235583852884303,60.0,23.0,21.0,0.8762484855272401,0.360163710777626,0.510497885824719,51.0,32.0,31.0
2_enve_rt10v_genELtask_102_09_02,0.7977784698432471,1.0,0.8875158794318051,13.0,2.0,2.0,0.999920228517012,1.0,0.99996011266757,29.0,6.0,4.0,0.9998797874372832,1.0,0.9999398901056592,17.0,8.0,4.0
2_ense_rt10v_genELtask_45_04_00,0.999900003124902,0.494117647058823,0.6613954484104371,19.0,12.0,12.0,0.9999729737034132,0.56,0.71794175247087,18.0,9.0,4.0,0.999923813151754,0.56,0.7179290817204901,20.0,14.0,10.0
2_enseef_rt10v_genELtask_18_01_06,0.347586684851292,0.938228122460038,0.507251278902368,46.0,29.0,16.0,0.9999801548798732,0.395704287667927,0.567028509892201,47.0,22.0,12.0,0.943213662107766,0.580070754716981,0.718356539061433,38.0,29.0,12.0
2_enself_rt10v_genELtask_35_03_01,0.105262049873159,0.8208092485549131,0.186594842544833,87.0,52.0,36.0,0.999994444475308,0.268837888033961,0.423754010061801,45.0,38.0,7.0,0.99999166673611,0.278365384615384,0.43550127818967,31.0,35.0,4.0
2_ense_enseef_genELtask_60_05_04,0.383868741957741,0.9647696476964772,0.54921306375568,16.0,9.0,4.0,0.999988889012344,0.7269758327890261,0.8419022649301521,14.0,16.0,0.0,0.999988889012344,0.7269758327890261,0.8419022649301521,14.0,16.0,0.0
2_rmcv_rt10v_genELtask_40_03_06,0.358748578333807,0.822327923894795,0.499559466410159,45.0,28.0,11.0,0.999979267368022,0.6670832682393371,0.8002932386749431,42.0,28.0,9.0,0.99995853559571,0.685503291057954,0.8133970834964581,31.0,29.0,6.0
2_enseef_rutpt_genELtask_26_02_03,0.553448813982521,0.482353832172069,0.515461429504232,27.0,2.0,12.0,0.9999728687179172,0.575028126757922,0.7301741740599811,39.0,11.0,12.0,0.954121079554186,0.683627547963718,0.796536712797817,34.0,21.0,13.0
2_enseef_enself_genELtask_37_03_03,0.4,1.0,0.5714285714285711,12.0,7.0,2.0,0.999987500156248,1.0,0.999993750039062,13.0,14.0,0.0,0.999987500156248,1.0,0.999993750039062,13.0,14.0,0.0
2_enseef_enve_genELtask_63_05_07,0.151200174453552,0.727581810454738,0.250370395750587,42.0,38.0,8.0,0.9999950000249992,0.366987099666284,0.536927681529758,37.0,50.0,0.0,0.9999925000562492,0.366987099666284,0.5369273211658311,27.0,37.0,0.0
2_enve_rt10v_genELtask_82_07_04,0.545070482757374,0.7510891903000411,0.631706966449578,30.0,18.0,16.0,,,,,,,0.878720533973232,0.341596510002819,0.491950627346905,34.0,21.0,17.0
2_enve_rt10v_genELtask_79_07_01,0.090250911670127,0.8982569922983381,0.164021981298347,78.0,32.0,27.0,,,,,,,,,,,,
2_enseef_rt10v_genELtask_29_02_06,0.291365046596918,0.890133621271426,0.439025165398042,52.0,32.0,19.0,0.999981083268171,0.5921654653713571,0.743843918189615,49.0,22.0,11.0,0.961353763333082,0.5638844811171051,0.710829891631078,47.0,33.0,18.0
2_ense_rutpt_genELtask_61_05_05,0.466447024531595,0.764805246422893,0.579476911362056,19.0,10.0,8.0,0.999986945740452,0.6078514601726981,0.75610026839327,20.0,10.0,5.0,0.969837410379496,0.783336459114778,0.8666670387722221,19.0,13.0,6.0
2_ense_rt10v_genELtask_71_06_04,0.376214776532216,0.994733180959952,0.545948253307299,27.0,17.0,8.0,,,,,,,0.945685191537984,0.507638900441974,0.6606462982975451,28.0,22.0,8.0
2_enseef_enve_genELtask_17_01_05,0.6816700018978381,0.6185983827493261,0.6486044969203161,41.0,22.0,20.0,0.999968769744128,0.383048084759576,0.553913888789635,53.0,18.0,14.0,0.999897904275048,0.540229885057471,0.701467415414695,48.0,31.0,27.0
2_enve_rmcv_genELtask_80_07_02,0.991200260161704,0.7447296837810261,0.850467795534783,17.0,10.0,10.0,0.9999616558116092,0.474979669287069,0.6440411540375981,15.0,7.0,6.0,0.742612455647855,0.474979669287069,0.579382555732164,21.0,14.0,12.0
2_enve_rutpt_genELtask_3_00_02,0.999991758309684,1.0,0.99999587913786,10.0,7.0,2.0,0.999991758309684,1.0,0.99999587913786,10.0,7.0,2.0,0.999991758309684,1.0,0.99999587913786,10.0,7.0,2.0
2_enve_rmcv_genELtask_68_06_01,0.605456915994056,0.8172844922132041,0.6956015271512921,17.0,9.0,7.0,0.999986784471079,0.425507916015492,0.5969889506542301,21.0,9.0,7.0,0.9699429828767232,0.669481921785798,0.7921793677187431,22.0,14.0,9.0
2_enve_rmcv_genELtask_90_08_01,0.817210325966445,0.743124788382679,0.778408746894449,17.0,10.0,10.0,0.999977876229932,0.965601374570446,0.9824890158302972,13.0,8.0,3.0,0.950939297008463,0.965601374570446,0.9582142512717552,13.0,8.0,4.0
2_ense_rmcv_genELtask_26_02_03,0.554721448479335,0.9571791320406272,0.702384536947744,10.0,6.0,4.0,0.99995986748636,0.493966000373622,0.661272673434515,17.0,6.0,5.0,0.999891428197286,0.972704532077692,0.9861106312491452,17.0,12.0,9.0
2_enself_rutpt_genELtask_1_00_00,0.498174992178537,1.0,0.6650424613671161,5.0,4.0,0.0,0.999949947735128,0.888780713954566,0.94109366305493,9.0,6.0,2.0,0.999924815830862,1.0,0.9999624065022132,11.0,8.0,4.0
2_enself_enve_genELtask_19_01_07,0.217351319395282,0.739100735323662,0.335917559476261,43.0,29.0,14.0,0.999982409513755,0.6134637924884061,0.760425727986164,44.0,27.0,11.0,0.999960487944019,0.569159121533769,0.7254216051459701,31.0,27.0,8.0
2_rt10v_rutpt_genELtask_41_03_07,0.423756674493268,0.9405437824870052,0.5842726262280741,38.0,25.0,17.0,,,,,,,0.967766231720394,0.481057453301852,0.642660889155459,34.0,26.0,12.0
2_enself_rutpt_genELtask_13_01_01,0.715442972868715,1.0,0.8341203807810501,44.0,23.0,11.0,0.9999737932508492,0.841022500453638,0.913636233667436,68.0,30.0,24.0,0.9999416480765252,0.987667146129668,0.993766496436103,37.0,28.0,10.0
2_enve_rt10v_genELtask_23_02_00,0.329340177147154,0.482625482625482,0.391514000698293,27.0,14.0,12.0,0.999984516368778,0.19361483007209,0.324416786568765,29.0,9.0,10.0,0.8083037134262001,0.632911392405063,0.709935146642371,32.0,21.0,18.0
2_enseef_rmcv_genELtask_45_04_00,0.228611064603315,0.9529979879275652,0.368761366745274,45.0,25.0,13.0,,,,,,,0.9999885136502612,0.570720927818233,0.7266963032761521,28.0,29.0,4.0
2_rmcv_rutpt_genELtask_13_01_01,0.725493153669532,1.0,0.840911077655286,6.0,5.0,0.0,0.9999833710008892,0.988304495416626,0.994109633312546,12.0,9.0,2.0,0.9999833710008892,0.988304495416626,0.994109633312546,12.0,9.0,2.0
2_ense_enself_genELtask_35_03_01,0.319382077891694,0.998076958981348,0.4839131754895,19.0,10.0,6.0,0.99997259202083,0.7727182133828451,0.871778690770826,22.0,10.0,4.0,0.999890236663564,0.6920901566184691,0.817993155525193,30.0,22.0,15.0
2_ense_rmcv_genELtask_78_07_00,0.333333333333333,0.9333084513284652,0.491224623846678,35.0,25.0,3.0,,,,,,,,,,,,
2_ense_rt10v_genELtask_64_05_08,0.704085195400562,0.7850950570342201,0.742386699979642,25.0,15.0,15.0,,,,,,,0.9861083936441232,0.804590394582385,0.8861494146973941,34.0,24.0,14.0
2_ense_enve_genELtask_43_03_09,0.233072159304752,1.0,0.378034906628929,36.0,20.0,10.0,0.9999789997060872,1.0,0.9999894997427892,38.0,23.0,9.0,0.999958000294181,1.0,0.9999789997060872,25.0,24.0,4.0
2_enself_rutpt_genELtask_4_00_03,0.553448813982521,0.482353832172069,0.515461429504232,27.0,2.0,12.0,,,,,,,0.954121079554186,0.683627547963718,0.796536712797817,34.0,21.0,13.0
2_enseef_enself_genELtask_24_02_01,0.225420538815396,0.637019197304859,0.333002306545369,55.0,36.0,23.0,,,,,,,,,,,,
2_enve_rmcv_genELtask_78_07_00,0.210526315789473,0.9750725137129892,0.346286482124348,46.0,26.0,14.0,,,,,,,0.999991176548442,0.5544359622067461,0.713357424538907,27.0,30.0,2.0
2_ense_rutpt_genELtask_35_03_01,0.384651380439869,1.0,0.555593105778979,5.0,4.0,0.0,0.999971297912874,0.992541653836942,0.9962426241177472,14.0,8.0,4.0,0.999971297912874,0.992541653836942,0.9962426241177472,14.0,8.0,4.0
2_enself_rmcv_genELtask_24_02_01,0.75,1.0,0.8571428571428571,5.0,4.0,0.0,0.999980000399992,1.0,0.999990000099999,9.0,10.0,0.0,0.999980000399992,1.0,0.999990000099999,9.0,10.0,0.0
2_ense_rmcv_genELtask_35_03_01,0.7162336281842161,0.8419048586079091,0.774001254160805,13.0,7.0,6.0,0.999980046548507,0.9964113729035592,0.9981925201131492,11.0,8.0,2.0,0.999980046548507,0.9964113729035592,0.9981925201131492,11.0,8.0,2.0
2_ense_rutpt_genELtask_25_02_02,0.677252863620671,0.8863879957127541,0.7678346402784071,13.0,7.0,5.0,0.9999696672497292,0.431365030674846,0.602726876966725,21.0,7.0,6.0,0.99991699189129,0.9138911454102352,0.9549706339144012,21.0,14.0,11.0
2_enseef_rt10v_genELtask_23_02_00,0.981745852817756,0.6190476190476191,0.759307735042809,21.0,11.0,11.0,0.999956365540412,0.346341463414634,0.51448697835434,37.0,14.0,12.0,0.9816852347431492,0.361581920903954,0.528501916255787,31.0,18.0,17.0
2_ense_rutpt_genELtask_54_04_09,0.7937617996740931,0.539473684210526,0.642367545166265,30.0,17.0,17.0,0.999989080579005,0.283570300157977,0.441845087948595,41.0,15.0,12.0,0.985515704370604,0.344456404736275,0.5104876922067181,34.0,29.0,17.0
2_enseef_enve_genELtask_29_02_06,0.977429483535976,0.628571428571428,0.765110707176178,34.0,21.0,21.0,0.9999637895289932,0.291315842993695,0.451188552770254,29.0,10.0,12.0,0.9137622990635772,0.467550694478052,0.618585649324324,41.0,24.0,22.0
2_enseef_enself_genELtask_1_00_00,0.999991559211032,1.0,0.999995779587704,10.0,7.0,2.0,0.999991559211032,1.0,0.999995779587704,10.0,7.0,2.0,0.999991559211032,1.0,0.999995779587704,10.0,7.0,2.0
2_enseef_rt10v_genELtask_22_01_10,0.495013064265309,0.953563807084933,0.6517107258210231,10.0,6.0,4.0,,,,,,,0.999897528420254,0.974917004795278,0.9872492703630352,17.0,12.0,9.0
2_enself_rmcv_genELtask_36_03_02,0.282546201232032,0.967626047817648,0.437378232050609,58.0,28.0,16.0,0.999982914906712,0.8463354997805681,0.916766071688612,55.0,30.0,15.0,0.9999637396582072,0.8463354997805681,0.9167580133146,37.0,31.0,8.0
2_enseef_rutpt_genELtask_25_02_02,0.985072402672326,0.712919969188461,0.8271860328700411,29.0,18.0,18.0,0.999958215484349,0.408035700462898,0.5795744516613001,25.0,8.0,12.0,0.9686666193751672,0.691338675620024,0.8068368212742281,31.0,18.0,16.0
2_enve_rutpt_genELtask_82_07_04,0.18695248553249,0.9680734812014532,0.313384718095071,58.0,32.0,21.0,,,,,,,0.9822566657555212,0.5774805197071631,0.727345728643454,42.0,29.0,15.0
2_ense_rutpt_genELtask_12_01_00,0.496860019213674,1.0,0.663869717723749,8.0,4.0,2.0,0.999950574537359,0.8898461254952541,0.9416908648675992,19.0,9.0,6.0,0.9999144304534152,1.0,0.999957213396092,13.0,10.0,3.0
2_enseef_rt10v_genELtask_6_00_05,0.999991665235985,1.0,0.9999958326006252,10.0,7.0,2.0,,,,,,,0.999991665235985,1.0,0.9999958326006252,10.0,7.0,2.0
2_ense_enve_genELtask_48_04_03,0.681790569572092,0.921951219512195,0.78388884214062,23.0,11.0,10.0,0.99997165855727,0.226499189627228,0.369340650287263,25.0,6.0,5.0,0.999895724880524,0.602370689655172,0.751819887024314,41.0,24.0,19.0
2_ense_rmcv_genELtask_48_04_03,0.347586684851292,0.938228122460038,0.507251278902368,46.0,29.0,16.0,,,,,,,0.943213662107766,0.580070754716981,0.718356539061433,38.0,29.0,12.0
2_enve_rmcv_genELtask_100_09_00,0.4,0.994181996196644,0.5704747293588881,21.0,13.0,5.0,,,,,,,0.99999166673611,0.7970120955626311,0.8870381582629291,20.0,21.0,2.0
2_rmcv_rt10v_genELtask_15_01_03,0.8116729817460331,0.329336789803413,0.468556502921796,41.0,24.0,22.0,0.9999917017156172,0.218030743664312,0.35800478917314,39.0,12.0,12.0,0.953887742276409,0.385348497363237,0.5489385625322261,37.0,22.0,19.0
2_enve_rt10v_genELtask_45_04_00,0.9269938176363672,0.230492196878751,0.369187772190117,35.0,18.0,15.0,0.999993951649486,0.147818838566268,0.257564553673138,49.0,17.0,15.0,0.947061948824926,0.457100591715976,0.616598954466908,32.0,25.0,12.0
2_enself_rt10v_genELtask_20_01_08,0.8183944724113471,0.743941877464227,0.779394168689132,17.0,10.0,10.0,0.9999778345858292,0.9711095320272052,0.985332282506448,13.0,8.0,3.0,0.951078179224932,0.9711095320272052,0.960989481039565,13.0,8.0,4.0
2_enve_rutpt_genELtask_44_03_10,0.085652738103905,0.266423357664233,0.129630442697284,65.0,37.0,32.0,0.999997903568336,0.091674462114125,0.167951984142366,81.0,30.0,27.0,0.977281799402882,0.145812310797174,0.25376273666963,42.0,26.0,22.0
2_enseef_rutpt_genELtask_13_01_01,0.566584581206791,0.9524940617577192,0.7105207509596471,10.0,6.0,4.0,0.999960707606884,0.484216335540838,0.6524791792969891,17.0,6.0,5.0,0.9998906967454492,0.969074442235476,0.9842414170385412,17.0,12.0,9.0
2_enseef_rt10v_genELtask_12_01_00,0.894659431067044,1.0,0.944401317088618,12.0,5.0,3.0,0.999957862965406,0.8825383965055651,0.9375861487264,22.0,11.0,7.0,0.9999314514527552,1.0,0.999965724551611,15.0,11.0,3.0
2_ense_enself_genELtask_1_00_00,0.9999916312830692,1.0,0.9999958156240252,10.0,7.0,2.0,0.9999916312830692,1.0,0.9999958156240252,10.0,7.0,2.0,0.9999916312830692,1.0,0.9999958156240252,10.0,7.0,2.0
2_enseef_enve_genELtask_18_01_06,0.613345297332571,0.737967742969827,0.669909978271778,11.0,2.0,4.0,0.999959541566798,0.740732692504346,0.8510438653337641,14.0,7.0,5.0,0.999957103508849,0.998139759202163,0.999047604883979,13.0,6.0,4.0
2_rmcv_rutpt_genELtask_25_02_02,0.519346973106247,0.878953591486846,0.6529095371886591,15.0,7.0,6.0,0.999965527260202,0.5702309087741231,0.7262928870129151,21.0,8.0,7.0,0.9810339324635832,0.8962595444440861,0.936732627273968,21.0,12.0,9.0
2_ense_enseef_genELtask_24_02_01,0.7685778204708981,0.842657342657342,0.803914609914495,13.0,7.0,5.0,0.999970819356872,0.421768707482993,0.5932962994118981,21.0,7.0,6.0,0.999917798391837,0.873239436619718,0.9322950990052152,21.0,14.0,11.0
2_enseef_enve_genELtask_54_04_09,0.363636363636363,1.0,0.533333333333333,13.0,8.0,2.0,0.999988889012344,0.9996982683958492,0.9998435575857072,14.0,16.0,0.0,0.999988889012344,0.9996982683958492,0.9998435575857072,14.0,16.0,0.0
2_ense_rt10v_genELtask_55_04_10,0.206715944988224,0.7554549197200491,0.324608826465103,10.0,6.0,4.0,0.999919222178351,0.275416932120604,0.431877797257563,27.0,7.0,14.0,0.963867633092104,0.9097625408575992,0.936033886648766,25.0,16.0,14.0
2_ense_rmcv_genELtask_59_05_03,0.388467421274604,0.929033804842963,0.54785431586699,57.0,33.0,30.0,0.999952876760494,0.268774703557312,0.423671782961099,68.0,26.0,21.0,0.8962758559930231,0.600252206809583,0.718986264063024,46.0,31.0,24.0
2_rmcv_rutpt_genELtask_57_05_01,0.99999168371026,1.0,0.99999584183784,10.0,7.0,2.0,0.99999168371026,1.0,0.99999584183784,10.0,7.0,2.0,0.99999168371026,1.0,0.99999584183784,10.0,7.0,2.0
2_enseef_rt10v_genELtask_11_00_10,0.49643323179838,0.9955539258376492,0.662507113822913,15.0,10.0,6.0,0.999954330413416,0.7044823349211421,0.8266076127456181,17.0,8.0,4.0,0.999908339570356,0.986657237152286,0.9932385935667092,22.0,15.0,11.0
2_enself_rt10v_genELtask_31_02_08,0.30492070336831,1.0,0.46733982008445,4.0,3.0,0.0,0.99997377001967,0.903325988188254,0.949196037113847,41.0,19.0,14.0,0.999963970722146,0.931281181884233,0.9644012591969212,28.0,23.0,6.0
2_enve_rmcv_genELtask_35_03_01,0.273993280248767,0.522123893805309,0.359390408905457,29.0,16.0,14.0,0.999996610180982,0.073684210526315,0.137254870030439,55.0,11.0,15.0,0.969709600204596,0.37037037037037,0.536015329928981,50.0,33.0,26.0
2_enve_rt10v_genELtask_77_06_10,0.7338746133512151,0.9741781706227032,0.8371224062966041,12.0,6.0,6.0,0.999895502616072,0.460586272834533,0.6306660589884571,18.0,7.0,8.0,0.94727069296923,0.9830666695612532,0.9648367828196512,18.0,12.0,10.0
2_ense_enve_genELtask_40_03_06,0.613428894756695,0.737584449448856,0.669801842529096,11.0,2.0,4.0,0.99995948862728,0.7375946073793751,0.8489689363967801,14.0,7.0,5.0,0.9999570603234932,0.998255441741357,0.9991055265084332,13.0,6.0,4.0
2_enseef_enve_genELtask_2_00_01,0.531166036172118,1.0,0.6938059278013,6.0,5.0,0.0,0.999955531782524,0.8995870419372941,0.94711963959146,10.0,7.0,2.0,0.999933202598368,1.0,0.9999666001836732,12.0,9.0,4.0
2_enseef_rmcv_genELtask_36_03_02,0.213541666666666,0.822946175637393,0.339093794929465,44.0,29.0,17.0,0.999956963877504,0.8154869933454321,0.8983498440730501,48.0,22.0,14.0,0.999922471691091,0.8244648318042811,0.903756467566546,30.0,23.0,8.0
2_ense_rutpt_genELtask_33_02_10,0.075527292567843,0.87037037037037,0.138993297438011,60.0,35.0,29.0,0.9999931250472652,0.133753241941459,0.235947521048283,70.0,26.0,23.0,0.9816994585606452,0.257540603248259,0.408036309602756,56.0,38.0,34.0
2_rmcv_rt10v_genELtask_48_04_03,0.8351073892541561,1.0,0.9101455251548732,28.0,11.0,9.0,0.999950272743193,0.277504105090312,0.434442607716483,51.0,17.0,19.0,0.999890821669628,0.8957597173144871,0.944965225757406,28.0,16.0,12.0
2_enself_enve_genELtask_53_04_08,0.375,0.9835115334273912,0.5429719453390031,38.0,21.0,12.0,,,,,,,0.999988461671596,0.750554173080472,0.8575004093473441,22.0,24.0,2.0
2_enseef_enve_genELtask_42_03_08,0.064328693894322,0.997271773347324,0.120861270537676,12.0,5.0,5.0,0.9999331463421972,0.872621819939364,0.931949659893318,58.0,19.0,17.0,0.999880306681391,0.976017298997444,0.9878047055101612,36.0,25.0,11.0
2_ense_rt10v_genELtask_47_04_02,0.8322758386208061,0.6427145708582831,0.725314286814653,57.0,32.0,30.0,0.999989473795012,0.095714285714285,0.174706488638787,76.0,21.0,24.0,0.967255231154022,0.250217202432667,0.397584193778772,69.0,46.0,43.0
2_ense_enve_genELtask_42_03_08,0.252975832631958,1.0,0.403800019192016,24.0,16.0,4.0,0.999977714171882,1.0,0.9999888569617752,33.0,22.0,7.0,0.999955429337059,1.0,0.999977714171882,21.0,23.0,2.0
2_ense_rutpt_genELtask_77_06_10,0.320727565123668,0.723747180813026,0.444483070500873,69.0,38.0,29.0,,,,,,,0.980241524149148,0.336954450161997,0.501514960928072,37.0,29.0,10.0
2_enve_rutpt_genELtask_99_08_10,0.31578947368421,0.9620313810037132,0.475496048386301,44.0,25.0,13.0,,,,,,,0.999990625087889,0.5856099393124711,0.7386531796451801,25.0,28.0,2.0
2_enve_rt10v_genELtask_76_06_09,0.306458800057352,0.9594654590658852,0.464540640820729,19.0,10.0,10.0,,,,,,,0.9998922335861672,0.67891749012196,0.808720983720944,40.0,22.0,20.0
2_rmcv_rt10v_genELtask_67_06_00,1.0,1.0,1.0,9.0,5.0,2.0,0.999987500156248,1.0,0.999993750039062,9.0,6.0,2.0,1.0,1.0,1.0,9.0,5.0,2.0
2_rt10v_rutpt_genELtask_81_07_03,0.553374425817596,0.482287340116094,0.5153911995104531,27.0,2.0,12.0,0.9999728671381932,0.57455943758994,0.729796202240924,39.0,11.0,12.0,0.953933622948694,0.683126590888373,0.7961312824912301,34.0,21.0,13.0
2_enseef_enself_genELtask_60_05_04,0.4,0.994257151972774,0.570487101646046,21.0,13.0,5.0,,,,,,,0.99999166673611,0.800817712286903,0.889390124451751,20.0,21.0,2.0
2_rmcv_rt10v_genELtask_20_01_08,0.818422505919399,0.743902167871039,0.7793850876217471,17.0,10.0,10.0,0.9999778326820632,0.971080948887258,0.985317568108224,13.0,8.0,3.0,0.9510168163482252,0.971080948887258,0.9609441612498112,13.0,8.0,4.0
2_rmcv_rt10v_genELtask_34_03_00,0.8014184397163121,1.0,0.889763779527559,9.0,2.0,2.0,0.999919864578228,1.0,0.999959930683628,19.0,6.0,4.0,0.9998801514488552,1.0,0.9999400721332932,11.0,8.0,2.0
2_rt10v_rutpt_genELtask_49_04_04,0.5467132972692871,0.6924004825090471,0.610992399569771,30.0,19.0,11.0,,,,,,,0.9427558787418212,0.734313725490196,0.82558121594924,33.0,22.0,15.0
2_rt10v_rutpt_genELtask_22_01_10,0.210526315789473,0.9750725137129892,0.346286482124348,44.0,25.0,12.0,,,,,,,0.999991176548442,0.5544359622067461,0.713357424538907,27.0,30.0,2.0
2_rt10v_rutpt_genELtask_101_09_01,0.999945038918558,0.9389292257582952,0.968477057329068,15.0,8.0,7.0,0.999944638404705,0.333237001180068,0.499884701010216,19.0,6.0,7.0,0.9998508659513352,0.9389292257582952,0.968432885664322,19.0,14.0,11.0
2_enve_rmcv_genELtask_49_04_04,0.5283344527254831,0.9698795180722892,0.6840421653757821,10.0,6.0,4.0,,,,,,,0.999894128995323,0.984375,0.9920738763175012,17.0,12.0,9.0
2_ense_rt10v_genELtask_41_03_07,0.598290598290598,0.771708193938183,0.674023597211946,12.0,2.0,4.0,0.999967143936699,0.9963889605364972,0.998174845545062,14.0,6.0,4.0,0.999967143936699,0.9963889605364972,0.998174845545062,14.0,6.0,4.0
2_ense_rt10v_genELtask_22_01_10,0.450284905607828,1.0,0.6209606179678321,20.0,13.0,8.0,0.999949492693876,0.6335977016763701,0.775693169498589,26.0,10.0,7.0,0.999898588309388,0.990870853646878,0.995364251507531,23.0,15.0,12.0
2_enseef_rt10v_genELtask_27_02_04,0.190084640558289,0.498273878020713,0.275188607235291,41.0,21.0,17.0,0.999985865350075,0.196746800621935,0.328801954302776,50.0,14.0,14.0,0.947881408389104,0.6741130091984231,0.787893203137904,42.0,25.0,22.0
2_enve_rt10v_genELtask_17_01_05,0.49908905797878,1.0,0.665856448384329,5.0,4.0,0.0,0.999949873798828,0.8893022368483801,0.9413859108522232,9.0,6.0,2.0,0.99992472598505,1.0,0.9999623615759272,11.0,8.0,4.0
2_enself_rutpt_genELtask_2_00_01,0.6218359364189561,0.944055944055944,0.749793672633223,13.0,7.0,5.0,0.999966092672626,0.455941553600715,0.626311833732338,21.0,7.0,6.0,0.9999180100614332,0.959824231010671,0.9794609872325792,21.0,14.0,11.0
2_enself_rutpt_genELtask_20_01_08,0.116399053910211,0.8955524757465031,0.206020659782395,28.0,18.0,7.0,,,,,,,0.9536391734296712,0.493613701343598,0.650514323167768,29.0,23.0,8.0
2_ense_enve_genELtask_37_03_03,0.446139041579552,0.5585585585585581,0.496059271858748,16.0,8.0,5.0,0.9999725497731432,0.305084745762711,0.467529467343372,26.0,8.0,5.0,0.999913730226575,0.687898089171974,0.815065680254322,25.0,16.0,12.0
2_enself_rutpt_genELtask_44_03_10,0.209831952700541,0.6200640341515471,0.313555551892513,51.0,30.0,21.0,0.999993750039062,0.38136574074074,0.552156567157578,34.0,34.0,1.0,0.996138374333927,0.318769342799927,0.482981993012197,25.0,30.0,2.0
2_ense_rt10v_genELtask_68_06_01,0.097321400940021,0.8689927583936801,0.175039539339713,58.0,30.0,22.0,0.999993453454703,0.274537939305677,0.430803263991845,57.0,30.0,11.0,0.9434763818048292,0.242954343005515,0.386405509717821,40.0,33.0,14.0
2_enve_rt10v_genELtask_64_05_08,0.782173785297342,0.8153777380420201,0.7984307016006431,45.0,24.0,24.0,0.999966773056056,0.152649238597396,0.264865601356225,67.0,20.0,26.0,0.987673807344384,0.511484446777792,0.6739512517206041,58.0,35.0,33.0
2_enself_enve_genELtask_29_02_06,0.242424242424242,0.6962365591397851,0.359628568949058,61.0,37.0,26.0,0.999983333611106,0.657103825136612,0.793069779244795,70.0,38.0,23.0,0.999937502083263,0.353936718175128,0.522817544749526,40.0,32.0,12.0
2_enseef_enself_genELtask_2_00_01,0.9999916385568592,1.0,0.999995819260951,10.0,7.0,2.0,0.9999916385568592,1.0,0.999995819260951,10.0,7.0,2.0,0.9999916385568592,1.0,0.999995819260951,10.0,7.0,2.0
2_ense_enve_genELtask_18_01_06,0.906821963394342,1.0,0.951134380453752,12.0,6.0,3.0,0.999969177586222,1.0,0.999984588555602,20.0,10.0,5.0,0.9999534159611272,1.0,0.999976707438032,15.0,12.0,3.0
2_ense_rmcv_genELtask_46_04_01,0.7238315165098871,1.0,0.8397938076632631,6.0,5.0,0.0,0.9999834059265392,0.9910951152997052,0.995519421689286,12.0,9.0,2.0,0.9999834059265392,0.9910951152997052,0.995519421689286,12.0,9.0,2.0
2_enseef_rt10v_genELtask_47_04_02,0.153844970423304,0.93290478103656,0.264132029022377,25.0,16.0,3.0,0.99999166673611,0.6843311372099681,0.812582282796097,24.0,25.0,0.0,0.999987500156248,0.6843311372099681,0.8125809071943291,19.0,23.0,0.0
2_enseef_enve_genELtask_52_04_07,0.16037218428605,0.886588008668432,0.271613107105319,44.0,30.0,11.0,,,,,,,0.999991176548442,0.434048412813451,0.605345328299401,27.0,32.0,2.0
2_enself_rutpt_genELtask_55_04_10,0.307692307692307,1.0,0.470588235294117,4.0,3.0,0.0,,,,,,,,,,,,
2_enseef_enve_genELtask_3_00_02,0.5318263962594301,1.0,0.6943690193067541,6.0,5.0,0.0,0.999955440019612,0.900236966824644,0.947479685784093,10.0,7.0,2.0,0.999933064904474,1.0,0.999966531332122,12.0,9.0,4.0
2_ense_rt10v_genELtask_40_03_06,0.347586684851292,0.938228122460038,0.507251278902368,46.0,29.0,16.0,0.9999801548798732,0.395704287667927,0.567028509892201,47.0,22.0,12.0,0.943213662107766,0.580070754716981,0.718356539061433,38.0,29.0,12.0
2_ense_rmcv_genELtask_17_01_05,0.5196599362380441,1.0,0.683916083916083,5.0,4.0,0.0,0.999949442556184,0.8954154727793691,0.944799806746868,9.0,6.0,2.0,0.9999249675872772,1.0,0.99996248238612,11.0,8.0,4.0
2_enself_rmcv_genELtask_17_01_05,0.5617173524150261,1.0,0.719358533791523,5.0,4.0,0.0,0.999955719367998,1.0,0.9999778591937952,15.0,8.0,4.0,0.999934310260649,1.0,0.999967154051504,11.0,10.0,2.0
2_rmcv_rutpt_genELtask_11_00_10,0.3,0.966661399905198,0.457894145970287,45.0,26.0,13.0,,,,,,,,,,,,
2_enseef_rt10v_genELtask_19_01_07,0.6133767643865361,0.7376842248908291,0.669811898343007,11.0,2.0,4.0,0.9999595412678112,0.743520988729787,0.852881226972177,14.0,7.0,5.0,0.9999570970663432,0.998026784572378,0.998991008352798,13.0,6.0,4.0
2_rt10v_rutpt_genELtask_68_06_01,0.241823587710604,0.9997177373828612,0.389443871203645,23.0,16.0,2.0,0.999978795488034,0.9997574463956532,0.9998681086913732,34.0,23.0,7.0,0.999957591875312,0.9997574463956532,0.999857509119502,22.0,24.0,2.0
2_enve_rmcv_genELtask_104_09_04,0.9018191917789192,1.0,0.948375319459656,21.0,2.0,2.0,0.999824489740158,0.8648055580350501,0.9274266247275292,38.0,20.0,17.0,0.983316411802746,1.0,0.991588035021558,31.0,12.0,8.0
2_enself_rutpt_genELtask_21_01_09,0.36672342480924,0.857434297371894,0.5137266814293701,32.0,17.0,15.0,,,,,,,,,,,,
2_enseef_rutpt_genELtask_12_01_00,0.5233431314090761,1.0,0.687098160117069,7.0,4.0,2.0,0.999952861201817,0.96250029187195,0.980869193496373,17.0,8.0,5.0,0.999923095610512,1.0,0.999961546326627,12.0,10.0,3.0
2_enve_rmcv_genELtask_7_00_06,0.999991638174163,1.0,0.9999958190696012,10.0,7.0,2.0,0.999991638174163,1.0,0.9999958190696012,10.0,7.0,2.0,0.999991638174163,1.0,0.9999958190696012,10.0,7.0,2.0
2_ense_rutpt_genELtask_62_05_06,0.7228476141025201,0.750348675034867,0.7363414549618901,17.0,9.0,7.0,0.999984835198752,0.5786772376382221,0.733112516059901,18.0,9.0,5.0,0.964476420694238,0.745952342531332,0.841255082703752,19.0,12.0,7.0
2_rmcv_rt10v_genELtask_19_01_07,0.8175124813927731,0.742236384704519,0.778057957699381,17.0,10.0,10.0,0.9999778593624592,0.960465482820216,0.979823488734719,13.0,8.0,3.0,0.9516723887888632,0.960465482820216,0.956048717988713,13.0,8.0,4.0
2_rmcv_rt10v_genELtask_43_03_09,0.6009155200856531,0.920740851829634,0.727217363989869,12.0,7.0,5.0,0.999965154770266,0.41289231347491,0.5844580014999,24.0,8.0,7.0,0.999896208742133,0.943272688241292,0.970759449934231,20.0,14.0,11.0
2_ense_rt10v_genELtask_70_06_03,0.351534528523659,0.950198728139904,0.513204468258849,35.0,22.0,14.0,,,,,,,0.9678588273820752,0.482041039671682,0.64355847739294,34.0,26.0,12.0
2_ense_rt10v_genELtask_23_02_00,0.338669778296382,1.0,0.5059795683553571,12.0,7.0,2.0,0.999971373399892,1.0,0.999985686495073,22.0,13.0,6.0,0.999949806905152,1.0,0.999974902822723,16.0,16.0,2.0
2_ense_enve_genELtask_41_03_07,0.479342596883266,0.995290611028316,0.647056072770133,19.0,10.0,6.0,0.99995815074711,0.8186147833329771,0.9002449223516721,24.0,11.0,5.0,0.9999210644104072,0.9958948243608392,0.9979038832372412,22.0,15.0,7.0
2_ense_rt10v_genELtask_32_02_09,0.5561384879116,0.957592339261286,0.703630983834987,10.0,6.0,4.0,0.999959875845226,0.494183255161207,0.6614673202599121,17.0,6.0,5.0,0.999891460104102,0.9729513560677672,0.9862374681390872,17.0,12.0,9.0
2_rmcv_rt10v_genELtask_55_04_10,0.483852163566945,0.9533527696793,0.64191513622203,10.0,6.0,4.0,0.999951078031064,0.492438096896862,0.659900264794353,17.0,6.0,5.0,0.999897353686636,0.975166704989652,0.987377197655018,17.0,12.0,9.0
2_enseef_rutpt_genELtask_37_03_03,0.097161517353983,0.9997462250983372,0.177110355666386,13.0,7.0,7.0,0.99997290208023,0.712265027028612,0.831947142414667,52.0,22.0,18.0,0.9999588466820092,0.8019635250998821,0.8900833179033131,41.0,28.0,12.0
2_ense_rt10v_genELtask_62_05_06,0.516239010540614,0.7416062651003911,0.608733191466726,18.0,9.0,8.0,0.9999846366818572,0.624401280211897,0.7687725938062531,19.0,9.0,5.0,0.965461003804118,0.7939962950488381,0.8713737588679801,18.0,12.0,6.0
2_ense_enself_genELtask_47_04_02,0.229316087622474,0.995201652089407,0.372743884145383,25.0,18.0,2.0,0.999979823779623,0.99579714578318,0.9978841018279232,37.0,26.0,8.0,0.99995964837339,0.99579714578318,0.9978740562618432,23.0,26.0,2.0
2_enself_rmcv_genELtask_7_00_06,0.5098712446351931,1.0,0.6753837407617961,5.0,4.0,0.0,0.999949776861626,0.8918918918918911,0.942834818591985,9.0,6.0,2.0,0.999925088118163,1.0,0.9999625426560812,11.0,8.0,4.0
2_enseef_rmcv_genELtask_15_01_03,0.347586684851292,0.938228122460038,0.507251278902368,46.0,29.0,16.0,0.9999801548798732,0.395704287667927,0.567028509892201,47.0,22.0,12.0,0.943213662107766,0.580070754716981,0.718356539061433,38.0,29.0,12.0
2_enself_rmcv_genELtask_45_04_00,0.3,0.9664890989439392,0.457874813016477,45.0,26.0,13.0,,,,,,,,,,,,
2_enself_rt10v_genELtask_22_01_10,0.5206643144481651,1.0,0.684785339540382,6.0,5.0,0.0,0.99995590516302,0.9025887618701992,0.94878083863681,11.0,7.0,2.0,0.999921708047404,0.997359978612484,0.9986392004826332,14.0,10.0,5.0
2_enve_rt10v_genELtask_6_00_05,0.9999916605312,1.0,0.999995830248213,10.0,7.0,2.0,0.9999916605312,1.0,0.999995830248213,10.0,7.0,2.0,0.9999916605312,1.0,0.999995830248213,10.0,7.0,2.0
2_ense_rutpt_genELtask_26_02_03,0.6940525134467761,0.8632478632478631,0.7694589408453211,13.0,7.0,5.0,0.9999703112728092,0.42380708055413,0.5953100543583381,21.0,7.0,6.0,0.999920247650611,0.89587852494577,0.9450444735775312,21.0,14.0,11.0
2_enseef_enve_genELtask_1_00_00,0.9999916385568592,1.0,0.999995819260951,10.0,7.0,2.0,0.9999916385568592,1.0,0.999995819260951,10.0,7.0,2.0,0.9999916385568592,1.0,0.999995819260951,10.0,7.0,2.0
2_enseef_enve_genELtask_15_01_03,0.490810510792208,0.8888888888888881,0.632421829992699,10.0,6.0,4.0,0.999947979584877,0.48342541436464,0.6517580379230601,17.0,6.0,5.0,0.999895386607173,0.940860215053763,0.969479915626026,17.0,12.0,9.0
2_enself_enve_genELtask_2_00_01,0.497780299742982,1.0,0.664690675699768,5.0,4.0,0.0,0.999950005003004,0.8884391263733821,0.940902162696102,9.0,6.0,2.0,0.9999249011158812,1.0,0.9999624491479272,11.0,8.0,4.0
2_enself_rutpt_genELtask_3_00_02,0.985072402672326,0.712919969188461,0.8271860328700411,29.0,18.0,18.0,0.999958215484349,0.408035700462898,0.5795744516613001,25.0,8.0,12.0,0.9686666193751672,0.691338675620024,0.8068368212742281,31.0,18.0,16.0
2_rt10v_rutpt_genELtask_42_03_08,0.312287466491302,0.987588352666644,0.474524504641332,29.0,19.0,8.0,,,,,,,0.98237034212894,0.435388175739327,0.603364290560629,35.0,27.0,12.0
2_enve_rmcv_genELtask_92_08_03,0.327855387566347,0.9415849673202612,0.486361888841962,41.0,22.0,14.0,0.99997216272254,0.910811840935078,0.953311818258602,37.0,22.0,8.0,0.9999371032636872,0.9435377730981832,0.9709190884091412,26.0,23.0,7.0
2_ense_enve_genELtask_62_05_06,0.8651006702360451,0.7858985382631121,0.8235998523669721,31.0,18.0,18.0,0.999960109408034,0.288055624534392,0.447268035994172,43.0,16.0,16.0,0.936916705801989,0.64647137150466,0.7650554358293781,49.0,31.0,30.0
2_ense_rutpt_genELtask_39_03_05,0.8018559694719041,0.9894514767932492,0.8858307096569921,21.0,12.0,8.0,0.999983551672421,0.456245325355272,0.6266018042629821,21.0,10.0,4.0,0.9999398150640272,0.814419225634178,0.897694658662313,32.0,21.0,15.0
2_enseef_enve_genELtask_27_02_04,0.7692069032383161,0.336588011933821,0.468270958338513,64.0,36.0,35.0,0.999986394742928,0.088195576251455,0.162094904489872,82.0,26.0,29.0,0.9863828275494072,0.279194412863407,0.435204688583645,47.0,30.0,27.0
2_ense_enseef_genELtask_83_07_05,0.333333333333333,0.933380796209194,0.491234643734643,35.0,25.0,3.0,,,,,,,,,,,,
2_ense_enve_genELtask_76_06_09,0.428571428571428,0.998612777444511,0.5997500572316391,15.0,10.0,2.0,0.999990909173552,0.904097370807798,0.94962944871901,16.0,19.0,0.0,0.999990909173552,0.904097370807798,0.94962944871901,16.0,19.0,0.0
2_ense_rt10v_genELtask_79_07_01,0.26677472387524,1.0,0.421187317440529,38.0,26.0,6.0,,,,,,,,,,,,
2_enve_rt10v_genELtask_57_05_01,,,,,,,0.9999944648251032,0.143686844838983,0.251269384736854,57.0,22.0,17.0,0.893276650984517,0.269808269808269,0.414438229493986,54.0,38.0,31.0
2_ense_enve_genELtask_53_04_08,,,,,,,0.9999857210610832,0.977862695146645,0.988800480655492,14.0,11.0,2.0,0.9999857210610832,0.977862695146645,0.988800480655492,14.0,11.0,2.0
2_enseef_rutpt_genELtask_38_03_04,,,,,,,0.999977160503212,0.285677177334201,0.444397291252874,81.0,26.0,26.0,0.81599256308025,0.470059989424356,0.5965004382205941,71.0,43.0,42.0
2_ense_rutpt_genELtask_1_00_00,,,,,,,0.99999166673611,1.0,0.999995833350694,10.0,9.0,0.0,0.99999166673611,1.0,0.999995833350694,10.0,9.0,0.0
2_enve_rt10v_genELtask_84_07_06,,,,,,,0.9999816474940112,0.499893880438627,0.6665682542633541,46.0,24.0,11.0,0.9817738713436852,0.6244255920820071,0.763348195369119,37.0,29.0,10.0
2_enself_rmcv_genELtask_25_02_02,,,,,,,0.99994802764929,0.996760758907913,0.998351849421906,27.0,14.0,7.0,0.9999146614001352,0.996760758907913,0.998335219238167,20.0,17.0,4.0
2_enve_rt10v_genELtask_46_04_01,,,,,,,0.999996451625494,0.081820367921125,0.151264199471603,93.0,47.0,43.0,0.8424889688357761,0.250871080139372,0.386617597406179,58.0,38.0,35.0
2_enve_rt10v_genELtask_108_09_08,,,,,,,0.9999500464173712,0.9997957281652552,0.999872881337026,50.0,19.0,14.0,0.999912430889914,0.9997957281652552,0.999854076122206,31.0,20.0,10.0
2_enself_rt10v_genELtask_36_03_02,,,,,,,0.9999902372560172,0.8548047548949771,0.921715244296296,31.0,23.0,3.0,0.9999828462634032,0.8860958881632921,0.93960095316717,19.0,21.0,2.0
2_ense_enseef_genELtask_25_02_02,,,,,,,0.9999713616546972,1.0,0.999985680622306,33.0,18.0,8.0,0.999942724949656,1.0,0.9999713616546972,22.0,20.0,4.0
2_enself_rutpt_genELtask_22_01_10,,,,,,,0.999993855644512,0.169710250791331,0.290174595604925,67.0,28.0,23.0,0.8673395372282791,0.178633975481611,0.296252835745452,61.0,41.0,37.0
2_ense_rutpt_genELtask_52_04_07,,,,,,,0.9999904556225492,0.118044105523495,0.211161591901052,66.0,20.0,21.0,0.982293938857566,0.300744073369095,0.460499342346232,61.0,40.0,37.0
2_enself_rutpt_genELtask_42_03_08,,,,,,,0.999995997402068,0.8974057419578001,0.945927403129916,41.0,29.0,6.0,0.9999860236933932,0.8974057419578001,0.945922940939938,25.0,25.0,2.0
2_ense_enself_genELtask_24_02_01,,,,,,,0.9999667047301932,1.0,0.999983352087948,27.0,13.0,7.0,0.9999417629321212,1.0,0.999970880618146,22.0,16.0,6.0
2_ense_rmcv_genELtask_58_05_02,,,,,,,0.999986040803998,0.174160878828965,0.296655290357639,32.0,8.0,12.0,0.8758294326838441,0.432375189107413,0.5789414137124801,35.0,22.0,20.0
2_ense_rutpt_genELtask_66_05_10,,,,,,,0.999994564095909,0.185060893098782,0.312322745744907,55.0,18.0,16.0,0.765903362315955,0.440708604483007,0.559484260496061,58.0,39.0,34.0
2_rmcv_rutpt_genELtask_45_04_00,,,,,,,0.999959891764004,1.0,0.999979945479826,16.0,9.0,4.0,0.999939565469116,1.0,0.999969781821447,12.0,11.0,2.0
2_enseef_rt10v_genELtask_17_01_05,,,,,,,0.999965543575618,0.56188679245283,0.7194885443162921,25.0,12.0,6.0,0.99993984006207,0.987400530503978,0.9936306263110132,29.0,20.0,8.0
2_enseef_rutpt_genELtask_54_04_09,,,,,,,0.999989203513249,0.841676158503686,0.914028236309364,27.0,22.0,3.0,0.999981237768662,0.8710217755443881,0.9310572212174212,18.0,20.0,2.0
2_enve_rutpt_genELtask_63_05_07,,,,,,,0.9999915818403032,0.124812603227035,0.221925832409909,61.0,16.0,19.0,0.9208140141769192,0.344112328475694,0.5009990603041631,60.0,38.0,35.0
2_ense_rt10v_genELtask_61_05_05,,,,,,,0.999987675050598,0.8231072364220771,0.90296680275647,18.0,11.0,4.0,0.999981050008008,0.8231072364220771,0.9029641018189972,19.0,12.0,5.0
2_enve_rutpt_genELtask_102_09_02,,,,,,,0.9999529422841532,0.943943512563813,0.9711413284222972,53.0,22.0,16.0,0.9999170610110152,0.943943512563813,0.971124406425324,32.0,22.0,10.0
2_enseef_rt10v_genELtask_41_03_07,,,,,,,0.9999545801015092,0.8652321630804071,0.927727872274508,58.0,24.0,17.0,0.999919586578569,0.8652321630804071,0.927712811528636,33.0,23.0,10.0
2_ense_enseef_genELtask_69_06_02,,,,,,,0.999991271385349,0.422792878091587,0.5943124793046201,34.0,19.0,8.0,0.945685191537984,0.507638900441974,0.6606462982975451,28.0,22.0,8.0
2_enve_rmcv_genELtask_40_03_06,,,,,,,0.999990000099999,1.0,0.9999950000249992,9.0,8.0,0.0,0.999990000099999,1.0,0.9999950000249992,9.0,8.0,0.0
2_enself_rt10v_genELtask_14_01_02,,,,,,,0.9999944207118052,0.185612901584717,0.313108501451081,35.0,12.0,12.0,0.8213126128427111,0.497695852534562,0.6198047878778761,43.0,28.0,23.0
2_rmcv_rutpt_genELtask_26_02_03,,,,,,,0.9999728687179172,0.575028126757922,0.7301741740599811,39.0,11.0,12.0,0.954121079554186,0.683627547963718,0.796536712797817,34.0,21.0,13.0
2_enve_rutpt_genELtask_64_05_08,,,,,,,0.999994200277837,0.074003286653329,0.137808250680889,116.0,54.0,54.0,0.8957168225337151,0.304556354916067,0.454556938592062,55.0,34.0,33.0
2_ense_rt10v_genELtask_42_03_08,,,,,,,0.99998337737943,0.98881232579746,0.994366477729066,12.0,9.0,2.0,0.99998337737943,0.98881232579746,0.994366477729066,12.0,9.0,2.0
2_enseef_rutpt_genELtask_2_00_01,,,,,,,0.999991753994698,1.0,0.99999587698035,10.0,7.0,2.0,0.999991753994698,1.0,0.99999587698035,10.0,7.0,2.0
2_enve_rt10v_genELtask_97_08_08,,,,,,,0.9999736050040532,0.984313573349886,0.992081794545102,18.0,10.0,5.0,0.9999669367480972,0.984313573349886,0.992078512824434,17.0,11.0,4.0
2_enseef_rutpt_genELtask_14_01_02,,,,,,,0.999958215484349,0.408035700462898,0.5795744516613001,25.0,8.0,12.0,0.9686666193751672,0.691338675620024,0.8068368212742281,31.0,18.0,16.0
2_enself_rmcv_genELtask_14_01_02,,,,,,,0.999989296647716,0.11335847606236,0.203633160321012,50.0,17.0,20.0,0.920959964990204,0.5279854973940631,0.671182619110083,39.0,25.0,23.0
2_enve_rt10v_genELtask_91_08_02,,,,,,,0.9999928571938772,0.689261434502304,0.8160482582517831,28.0,31.0,0.0,0.99998928582908,0.689261434502304,0.816047069084302,21.0,27.0,0.0
2_ense_enve_genELtask_29_02_06,,,,,,,0.9999617650202992,0.492115751169641,0.6596130962290311,18.0,7.0,5.0,0.9999000076467032,0.9722697706264972,0.98589133835659,18.0,13.0,9.0
2_ense_enself_genELtask_58_05_02,,,,,,,0.999955121528973,0.8618945563651951,0.9258060799302712,64.0,26.0,19.0,0.9999188138470272,0.8618945563651951,0.925790518266241,39.0,26.0,12.0
2_enve_rutpt_genELtask_66_05_10,,,,,,,0.999996246137806,0.094009350197513,0.171862004388785,93.0,47.0,43.0,0.913914537819396,0.461866212185769,0.613624294194503,47.0,30.0,27.0
2_enself_rmcv_genELtask_2_00_01,,,,,,,0.999982328259032,0.410306010484821,0.581865067435416,20.0,7.0,8.0,0.962323500957618,0.6353733362700981,0.765395135206638,23.0,16.0,12.0
2_rmcv_rutpt_genELtask_56_05_00,,,,,,,0.999991683073928,1.0,0.999995841519671,10.0,7.0,2.0,0.999991683073928,1.0,0.999995841519671,10.0,7.0,2.0
2_rt10v_rutpt_genELtask_30_02_07,,,,,,,0.999996428584183,0.967019908515244,0.9832317471353752,32.0,30.0,0.0,0.99998928582908,0.967019908515244,0.9832282944879692,20.0,24.0,0.0
2_ense_rmcv_genELtask_7_00_06,,,,,,,0.99999166673611,1.0,0.999995833350694,10.0,9.0,0.0,0.99999166673611,1.0,0.999995833350694,10.0,9.0,0.0
2_enself_enve_genELtask_17_01_05,,,,,,,0.9999961553853712,0.106507081445542,0.192510366751208,60.0,20.0,16.0,0.9443552209521392,0.494665625813166,0.649247114678399,40.0,29.0,19.0
2_enve_rutpt_genELtask_1_00_00,,,,,,,0.9999900254933972,1.0,0.9999950127218252,9.0,6.0,2.0,0.9999900254933972,1.0,0.9999950127218252,9.0,6.0,2.0
2_enself_rt10v_genELtask_40_03_06,,,,,,,0.9999788426939772,0.858354793344656,0.92377021674032,40.0,28.0,9.0,0.999957686283198,0.858354793344656,0.923761189329043,25.0,28.0,2.0
2_ense_enself_genELtask_25_02_02,,,,,,,0.999994444475308,1.0,0.999997222229938,18.0,16.0,0.0,0.999988889012344,1.0,0.999994444475308,14.0,15.0,0.0
2_ense_rt10v_genELtask_57_05_01,,,,,,,,,,,,,0.9266241005953252,0.309025836036237,0.463482057318599,39.0,22.0,19.0
2_rmcv_rutpt_genELtask_14_01_02,,,,,,,,,,,,,0.950354219836116,0.9539963167587472,0.952171785516888,13.0,8.0,4.0
2_enseef_rutpt_genELtask_1_00_00,,,,,,,,,,,,,0.99999166673611,1.0,0.999995833350694,10.0,9.0,0.0
2_enseef_enve_genELtask_21_01_09,,,,,,,,,,,,,0.999932225786072,0.987593908310983,0.9937247696708212,33.0,23.0,13.0
2_enseef_enself_genELtask_48_04_03,,,,,,,,,,,,,0.9999886896958452,0.84494014466801,0.915949246822108,28.0,29.0,2.0
2_ense_rt10v_genELtask_74_06_07,,,,,,,,,,,,,0.88018802018927,0.759696783247304,0.8155158291476461,37.0,23.0,19.0
2_rt10v_rutpt_genELtask_82_07_04,,,,,,,,,,,,,0.88018802018927,0.759696783247304,0.8155158291476461,37.0,23.0,19.0
2_ense_rutpt_genELtask_71_06_04,,,,,,,,,,,,,0.6811060735783051,0.5406274612759251,0.602790439835454,83.0,52.0,50.0
2_ense_enve_genELtask_61_05_05,,,,,,,,,,,,,0.9137228361650772,0.321773220747889,0.475940879323169,84.0,56.0,52.0
2_enself_rt10v_genELtask_7_00_06,,,,,,,,,,,,,0.825098095707526,0.5669634528957851,0.6720973879199981,76.0,49.0,47.0
2_enve_rutpt_genELtask_60_05_04,,,,,,,,,,,,,0.943003838393027,0.431834459564662,0.592391924962781,63.0,39.0,37.0
2_ense_rmcv_genELtask_18_01_06,,,,,,,,,,,,,0.999990000099999,1.0,0.9999950000249992,9.0,8.0,0.0
2_enself_rmcv_genELtask_34_03_00,,,,,,,,,,,,,0.999994444475308,0.332655364118312,0.499236204287277,24.0,34.0,0.0
2_enve_rutpt_genELtask_61_05_05,,,,,,,,,,,,,0.836247168616255,0.528098574534911,0.647373937173884,73.0,46.0,40.0
2_enve_rt10v_genELtask_80_07_02,,,,,,,,,,,,,0.8530258259357411,0.56366703850231,0.678795740616524,42.0,26.0,22.0
2_enseef_rutpt_genELtask_40_03_06,,,,,,,,,,,,,0.8545808254116001,0.288300684045754,0.431149221506838,76.0,50.0,48.0
2_ense_enself_genELtask_70_06_03,,,,,,,,,,,,,0.999980075778932,0.645676686685236,0.7846883223855141,29.0,28.0,7.0
2_enseef_rt10v_genELtask_43_03_09,,,,,,,,,,,,,0.9998918187171,0.9841275677795752,0.9919470649269332,36.0,23.0,11.0
2_enself_rutpt_genELtask_5_00_04,,,,,,,,,,,,,0.718310654671738,0.348327223488226,0.469151079418713,55.0,37.0,35.0
2_ense_rt10v_genELtask_12_01_00,,,,,,,,,,,,,0.9999326703470612,1.0,0.999966334040172,11.0,10.0,2.0
2_enseef_enself_genELtask_49_04_04,,,,,,,,,,,,,0.99999166673611,0.5359673318592171,0.6978869435865881,25.0,31.0,0.0
2_ense_rutpt_genELtask_75_06_08,,,,,,,,,,,,,0.9507021408374272,0.506187112645571,0.6606310953368241,29.0,23.0,8.0
2_rmcv_rt10v_genELtask_2_00_01,,,,,,,,,,,,,0.999992351788694,0.442763965150917,0.6137704248458831,26.0,32.0,2.0
2_enself_rt10v_genELtask_8_00_07,,,,,,,,,,,,,0.971386638892584,0.6430891108596171,0.7738588455134421,31.0,18.0,16.0
