log,ratio_variants_per_number_of_traces,ratio_most_common_variant,ratio_top_10_variants,epa_normalized_variant_entropy,epa_normalized_sequence_entropy,epa_normalized_sequence_entropy_linear_forgetting,epa_normalized_sequence_entropy_exponential_forgetting
2_rmcv_rt10v_genELtask_40_03_06,0.475,0.3107142857142857,0.5714285714285714,0.711996755762796,0.40848153131541576,0.10988860893433217,0.1999007815532011
2_enself_rvpnot_genELtask_25_02_02,0.19246861924686193,0.25784518828451886,0.7975941422594143,0.8336522045635787,0.45176947602735823,0.2018481552079625,0.2842730838492838
2_rt10v_rvpnot_genELtask_39_03_05,0.5,0.3,0.3,0.3935954518140152,0.25153078703466797,0.06196334316806251,0.1255248346244991
2_ense_rt10v_genELtask_32_02_09,0.0698856416772554,0.25497670478610757,0.8881829733163914,0.6299754360953089,0.19861483706118124,0.024012358558338984,0.08429853275845982
2_enseef_rt10v_genELtask_41_03_07,0.2568149210903874,0.22955523672883787,0.7675753228120517,0.7805342585026933,0.4975405783736804,0.2001282318680447,0.29658217151597943
2_enseef_rt10v_genELtask_18_01_06,0.41916167664670656,0.27844311377245506,0.6017964071856288,0.6751278958355251,0.39431303770630194,0.09769467089474564,0.19006045768775687
2_ense_rt10v_genELtask_40_03_06,0.41916167664670656,0.27844311377245506,0.6017964071856288,0.6751278958355251,0.39431303770630194,0.09769467089474564,0.19006045768775687
2_enve_rt10v_genELtask_45_04_00,1.0,0.06666666666666667,0.06666666666666667,0.3957723048449759,0.387224981908142,0.08599287785216601,0.18452068669973934
2_ense_rt10v_genELtask_21_01_09,0.011652542372881356,0.4234639830508475,0.878707627118644,0.5302275969957426,0.10064516245918664,0.010983802627876233,0.04242008335336279
2_enself_rt10v_genELtask_10_00_09,0.019175846593227255,0.251733986128111,0.9296885624915001,0.6494499402197046,0.15116269684461742,0.02005255868041636,0.06521647193895418
2_enseef_rt10v_genELtask_20_01_08,0.07889385929239529,0.2557950386335909,0.7966653111020741,0.682353382370972,0.22830136250577426,0.03499637960646852,0.09932002802613528
2_enself_enve_genELtask_42_03_08,0.9940476190476191,0.011904761904761904,0.10119047619047619,0.7370715149378783,0.5686128008804602,0.3002946953981999,0.3709738444403077
2_enself_rmcv_genELtask_36_03_02,0.4684904738641915,0.19149975574010747,0.5779189057156815,0.8195089118758452,0.44834084201292557,0.22065338938139506,0.28436940807757993
2_ense_enseef_genELtask_60_05_04,0.9354838709677419,0.03225806451612903,0.14516129032258066,0.6982889326094908,0.5701685883981173,0.3145318746248109,0.3851735560295954
2_enseef_rmcv_genELtask_6_00_05,0.0013035195026571743,0.502155820715933,0.502155820715933,0.0,0.0,1.4216584524393057e-14,0.0
2_enself_rvpnot_genELtask_5_00_04,0.4001380579843534,0.252416014726185,0.6396686608375518,0.6300151559480306,0.5856320187437172,0.05130745557946631,0.23819537119548825
2_enve_rt10v_genELtask_69_06_02,0.8911736792154381,0.023726668775703893,0.19772223979753242,0.600886975095726,0.5714031821905712,0.0771509993358544,0.24401227040205467
2_enve_rvpnot_genELtask_53_04_08,0.7727272727272727,0.22727272727272727,0.22727272727272727,0.38313314696144884,0.399177345275478,0.03309833960457497,0.16984481053441977
2_enself_rt10v_genELtask_22_01_10,0.018628281117696866,0.49043183742591023,0.9463166807790009,0.6358930597723753,0.13958458687314385,0.019675948344646973,0.060719108487034525
2_enseef_enve_genELtask_63_05_07,1.0,0.0017889087656529517,0.09838998211091235,0.7004427016846122,0.6374757842317572,0.33825287987768765,0.41777327329593317
2_enseef_rvpnot_genELtask_26_02_03,0.29977628635346754,0.1309967685806612,0.7017151379567487,0.7651685138918896,0.5126735885740216,0.067947545802514,0.21874266825922745
2_enself_rvpnot_genELtask_20_01_08,0.8582871226124461,0.0018484288354898336,0.22735674676524953,0.7605567533804329,0.5998465511102566,0.09994583757366739,0.26342315309294484
2_enseef_rt10v_genELtask_30_02_07,0.2954661232806928,0.12353540499235864,0.7004584819154356,0.7247059167044853,0.5232074242321306,0.03505620467719201,0.20813882288394578
2_enseef_enself_genELtask_60_05_04,0.9898073590867393,0.0002038528182652125,0.1091631841810213,0.8468803977116387,0.6211058437925346,0.37126718728679997,0.4349760128354891
2_enve_rmcv_genELtask_48_04_03,0.3673469387755102,0.2857142857142857,0.2857142857142857,0.43867736895861886,0.42418836216219147,0.055786198025420126,0.18923112889237953
2_enve_rvpnot_genELtask_74_06_07,0.6997167138810199,0.11614730878186968,0.36827195467422097,0.5607960859608858,0.49166579537334987,0.0859779052659694,0.22026729064130462
2_ense_rt10v_genELtask_45_04_00,0.9,0.2,0.0,0.5263299977307545,0.4431451750857598,0.13067961924455518,0.22971667122961203
2_rmcv_rvpnot_genELtask_56_05_00,0.0014187493179089819,0.5025646622285278,0.5025646622285278,0.0,0.0,1.4193032875648049e-14,0.0
2_enself_rt10v_genELtask_20_01_08,0.13438493519197847,0.10185864514551235,0.7998288089997554,0.7713587127087669,0.336225957294235,0.03783377185995952,0.13994836862171564
2_ense_enself_genELtask_82_07_04,1.0,0.00010039152695512498,0.0999899608473045,0.7917266925266735,0.6492619817119419,0.37017385562318916,0.4410076123968031
2_ense_enself_genELtask_70_06_03,0.9908226810881678,0.0006555227794165847,0.10816125860373647,0.8129369266683333,0.5918451306601266,0.3034439123784541,0.37661273659460537
2_ense_enseef_genELtask_24_02_01,0.36585365853658536,0.1951219512195122,0.1951219512195122,0.376878125753153,0.24682117080495672,0.06443090251117767,0.12514804585839348
2_enself_enve_genELtask_17_01_05,1.0,0.010309278350515464,0.09278350515463918,0.5033964980237928,0.4957612608790988,0.08252950868893243,0.22031339421894855
2_enve_rmcv_genELtask_69_06_02,0.6320474777448071,0.21364985163204747,0.43026706231454004,0.5081424306564961,0.5059589286339654,0.07774795809955806,0.22222164971219155
2_ense_rvpnot_genELtask_72_06_05,0.5092186128182616,0.2517998244073749,0.5417032484635645,0.6135799384062383,0.6011834418147624,0.06928679277709242,0.2513141985126647
2_ense_enve_genELtask_65_05_09,0.5332896747435057,0.0017463435931019428,0.21392709015498798,0.87556088130452,0.5334128948702155,0.32992625975985646,0.3828485709416318
2_ense_enseef_genELtask_82_07_04,1.0,0.0037593984962406013,0.09774436090225563,0.6733280614279173,0.612850889895113,0.3243584061659897,0.40137877505390723
2_rmcv_rt10v_genELtask_14_01_02,0.8890680425669139,0.028700419219606577,0.19982801246909598,0.6294417690195417,0.6013121836245198,0.06607548015704681,0.24928773228968032
2_ense_rt10v_genELtask_53_04_08,0.15173596228032576,0.12366052293184741,0.7996142306043721,0.7636003447347126,0.4012151597937047,0.06404217618963838,0.1767276816418785
2_enseef_rvpnot_genELtask_25_02_02,0.1993997999333111,0.12870956985661888,0.7917639213071024,0.6831475616036886,0.4750582811403656,0.03672681784281664,0.19206206477852675
2_enseef_rt10v_genELtask_57_05_01,1.0,0.0001968503937007874,0.1,0.7831962227552328,0.6420396755456009,0.3651610017066387,0.43591664699098415
2_rt10v_rvpnot_genELtask_82_07_04,0.31950343025155176,0.07296090602199717,0.698573450941958,0.6786457966658624,0.5693710172340232,0.0570563755696918,0.2353767585504781
2_rt10v_rvpnot_genELtask_27_02_04,0.3541666666666667,0.22916666666666666,0.22916666666666666,0.2860625654508283,0.2666395034515648,0.028371359936932416,0.11749817137355634
2_enve_rt10v_genELtask_47_04_02,0.8,0.26666666666666666,0.26666666666666666,0.39570496026792323,0.37436755055805526,0.07967828552715818,0.17882289515676592
2_enself_rvpnot_genELtask_22_01_10,1.0,0.05,0.1,0.4297029597859261,0.4229766956299156,0.09451693007176624,0.20128570432796253
2_ense_enve_genELtask_2_00_01,0.0012998700129987,0.4978502149785021,0.4978502149785021,0.10218453802326659,0.06723120807207657,0.004115030241651627,0.026616483436976368
2_enseef_rvpnot_genELtask_14_01_02,0.1993997999333111,0.12870956985661888,0.7917639213071024,0.6831475616036886,0.4750582811403656,0.03672681784281664,0.19206206477852675
2_enve_rvpnot_genELtask_64_05_08,0.7894736842105263,0.1368421052631579,0.28421052631578947,0.46820410841020726,0.4678611739230912,0.08543888914611492,0.21324544589412509
2_enve_rt10v_genELtask_77_06_10,0.03557013118062563,0.25264883955600403,0.9490413723511605,0.6435188887425013,0.2582766324911369,0.020655917837850462,0.10533663929442574
2_enve_rmcv_genELtask_49_04_04,0.15853658536585366,0.45121951219512196,0.45121951219512196,0.3958978820404354,0.16108509142129726,0.030748491415396692,0.07599910255471375
2_enseef_enve_genELtask_3_00_02,0.0013961980453227366,0.49779830308237566,0.49779830308237566,0.11914304012564805,0.06575409360796385,0.0051097663052729085,0.026327280319246155
2_enseef_enself_genELtask_13_01_01,0.0010944340212632896,0.25093808630394,0.0,0.6232069580451344,0.16243599837547434,0.07405261135042503,0.10027169463283601
2_enve_rmcv_genELtask_6_00_05,0.0013044350792695164,0.5020068231988761,0.5020068231988761,0.0,0.0,4.086366171900412e-15,-8.018529846747978e-14
2_enve_rt10v_genELtask_96_08_07,0.17118214104515475,0.09710806697108067,0.7836631151699645,0.8019514242735976,0.3427279684516806,0.06687058824232488,0.15640242664509152
2_ense_enseef_genELtask_58_05_02,0.40627943485086343,0.2552590266875981,0.6342229199372057,0.7237630019929844,0.4694623510927801,0.06066621034601321,0.19888589789103306
2_enself_rvpnot_genELtask_19_01_07,0.7004470938897168,0.041728763040238454,0.353204172876304,0.6601805056902312,0.532560876807581,0.07368790008652162,0.22931544625011355
2_enseef_enself_genELtask_2_00_01,0.0025864095932283094,0.5043498706795203,0.5043498706795203,0.0,0.0,7.473261707331885e-15,0.0
2_enself_rt10v_genELtask_31_02_08,0.2618631963180448,0.044119980955403905,0.7643231233137597,0.8310469813378213,0.5355536031457515,0.20001080462410423,0.3015689300726041
2_ense_enve_genELtask_75_06_08,0.764126149802891,0.005256241787122208,0.3120893561103811,0.7518665967768557,0.5972165683871318,0.07214013670664875,0.24994366904884743
2_enve_rmcv_genELtask_47_04_02,0.2711864406779661,0.2033898305084746,0.2033898305084746,0.37499469519394973,0.23102755588157572,0.0566838513279209,0.11488704876988175
2_enseef_rt10v_genELtask_42_03_08,0.2149191444966093,0.23526343244653103,0.7991653625456442,0.8337887512442002,0.4584345334231188,0.20558932027436128,0.2887032423616693
2_enseef_rmcv_genELtask_56_05_00,1.0,0.00011618450098756825,0.09991867084930871,0.8011594979231932,0.6458961115179734,0.3704346521071957,0.4406806227735229
2_enve_rvpnot_genELtask_79_07_01,0.10139125212691422,0.10229206285657091,0.8227404664197778,0.7760273348455629,0.33771324075899195,0.058728255324134636,0.15033469561007223
2_enseef_enve_genELtask_28_02_05,0.5930232558139535,0.23920265780730898,0.46511627906976744,0.49967732360423056,0.49979502661211317,0.06866910956634038,0.2147224463416379
2_ense_enself_genELtask_2_00_01,0.0025864095932283094,0.5043498706795203,0.5043498706795203,0.0,0.0,7.473261707331885e-15,0.0
2_ense_enself_genELtask_46_04_01,0.5862068965517241,0.27586206896551724,0.27586206896551724,0.5401297372660087,0.42032949062118424,0.11755401325199104,0.21303304868396442
2_ense_rmcv_genELtask_59_05_03,0.3004807692307692,0.26802884615384615,0.71875,0.7035947903268801,0.5036052257262708,0.0944496693775114,0.23010773615681843
2_enseef_rvpnot_genELtask_38_03_04,0.4012918853451756,0.1303996770286637,0.6346386758175212,0.6809806764011145,0.5914727173523133,0.052999798179001384,0.24128273867443722
2_ense_enseef_genELtask_71_06_04,1.0,0.0038461538461538464,0.1,0.684890435710049,0.6018036519858658,0.32695459435000407,0.399647960064609
2_enseef_rvpnot_genELtask_16_01_04,0.43333333333333335,0.23333333333333334,0.23333333333333334,0.3248661175407305,0.2456784735152868,0.050844590722813096,0.11695904680005453
2_enve_rt10v_genELtask_17_01_05,0.0013908205841446453,0.4982347277201241,0.4982347277201241,0.10218453802326659,0.06770341961468727,0.004120226890669181,0.026782031043360924
2_enve_rmcv_genELtask_68_06_01,0.5433911882510013,0.1068090787716956,0.5013351134846462,0.6936744365145042,0.5258616232094979,0.07097841656529008,0.22531839241753018
2_enseef_rmcv_genELtask_15_01_03,0.41916167664670656,0.27844311377245506,0.6017964071856288,0.6751278958355251,0.39431303770630194,0.09769467089474564,0.19006045768775687
2_enseef_rvpnot_genELtask_40_03_06,0.5818632855567806,0.12624035281146637,0.4762954796030871,0.6374668756680482,0.6141990539886371,0.07978058218249626,0.2612481745426661
2_ense_rt10v_genELtask_71_06_04,0.764126149802891,0.005256241787122208,0.3120893561103811,0.7518665967768557,0.5972165683871318,0.07214013670664875,0.24994366904884743
2_rt10v_rvpnot_genELtask_51_04_06,0.6661613098847786,0.0661006670709521,0.40024257125530627,0.672249151728684,0.5796518064398385,0.06815187140942756,0.24348854205954132
2_enseef_rmcv_genELtask_7_00_06,0.0026227944682880307,0.5042918454935622,0.5042918454935622,0.0,0.0,1.0514584380307877e-14,0.0
2_ense_enve_genELtask_27_02_04,0.26666666666666666,0.2,0.2,0.37499469519394973,0.2293601512318155,0.05603945365716461,0.11389717148419096
2_enseef_rmcv_genELtask_26_02_03,0.3758604864616797,0.26571821936668194,0.661312528682882,0.6595192207269038,0.4691827633849348,0.06247106310143114,0.2005498383105583
2_enseef_enve_genELtask_42_03_08,0.1056701030927835,0.24398625429553264,0.8900343642611683,0.800227299779838,0.4065432083141597,0.09264169499933393,0.20051473551728352
2_enseef_rt10v_genELtask_22_01_10,0.03390531321066777,0.4180277031217697,0.9572048790572669,0.6138596409609469,0.1505233822845398,0.01807700732953072,0.06439276845416624
2_enve_rvpnot_genELtask_3_00_02,0.26666666666666666,0.4,0.0,0.0,0.0,5.684425045951545e-17,0.0
2_ense_rvpnot_genELtask_48_04_03,0.3076923076923077,0.09954751131221719,0.6432880844645551,0.7646293297633086,0.3861211932986765,0.09228802028769713,0.18540004058211074
2_enseef_rmcv_genELtask_24_02_01,0.35120328702797887,0.10154568577577773,0.6734494228135395,0.707484501419513,0.5019864539665425,0.06427676475770731,0.21339729709234978
2_rmcv_rt10v_genELtask_43_03_09,0.09083880943177426,0.2531890220332431,0.9002705836876691,0.6253244549188018,0.24849191434312637,0.03528286726200614,0.10844659629540727
2_ense_enve_genELtask_17_01_05,0.001366742596810934,0.4929384965831435,0.0,0.4999999999999999,0.09966076422987864,0.022781206035983215,0.04941995479496276
2_enve_rmcv_genELtask_57_05_01,0.6016949152542372,0.1016949152542373,0.3559322033898305,0.4773732172087881,0.4755714450649136,0.044488435178440894,0.19953079295431608
2_ense_enve_genELtask_41_03_07,0.05812069663831511,0.2559740785743216,0.8594572701498583,0.6992457754260718,0.29948375086451196,0.04831149694096134,0.13282399329286793
2_ense_enve_genELtask_31_02_08,0.006763787721123829,0.1984911550468262,0.3064516129032258,0.7896095906624292,0.23163903091122362,0.1021862095415895,0.14068831931429496
2_enve_rvpnot_genELtask_88_07_10,0.9993016759776536,0.0013966480446927375,0.1005586592178771,0.6998483496820879,0.626682112040831,0.13285374601427621,0.2900732460556941
2_enseef_rt10v_genELtask_19_01_07,0.03671103477887505,0.12773722627737227,0.7219836839845427,0.6013118785150664,0.2572525524334572,0.03432038332822809,0.11050812542172642
2_rmcv_rvpnot_genELtask_27_02_04,0.4010416666666667,0.20833333333333334,0.5963541666666666,0.6240183294948839,0.4917894997933917,0.09333615396880411,0.22633652278360303
2_rmcv_rvpnot_genELtask_38_03_04,0.3918918918918919,0.2702702702702703,0.6351351351351351,0.7036609540346844,0.3886100811104147,0.08605863905608521,0.18169519174394302
2_ense_enself_genELtask_58_05_02,0.24125596184419715,0.2503974562798092,0.7825914149443561,0.8140568816041208,0.48402758993478934,0.20004033795585513,0.28969306486731833
2_ense_enve_genELtask_74_06_07,0.764126149802891,0.005256241787122208,0.3120893561103811,0.7518665967768557,0.5972165683871318,0.07214013670664875,0.24994366904884743
2_enself_enve_genELtask_19_01_07,0.5003940110323088,0.25847123719464143,0.5492513790386131,0.7240379302712872,0.5020529841261238,0.10054213453877364,0.22911978940908356
2_ense_rvpnot_genELtask_49_04_04,0.39861319340329837,0.1176911544227886,0.613568215892054,0.8636846626659379,0.3984131902789566,0.1995647018973926,0.2550563902315614
2_ense_rt10v_genELtask_55_04_10,0.04516129032258064,0.2506610259122158,0.9510312004230566,0.6398117865762518,0.31454087496661237,0.021158312910597415,0.12590558836330898
2_enve_rmcv_genELtask_35_03_01,1.0,0.08333333333333333,0.08333333333333333,0.27035550155334326,0.27393512459289676,0.047651388767280284,0.12602619954419542
2_enve_rvpnot_genELtask_77_06_10,1.0,0.012195121951219513,0.0975609756097561,0.581945915609206,0.5444523764734037,0.10839193988503372,0.24967967646048206
2_ense_rt10v_genELtask_49_04_04,0.53125,0.28125,0.46875,0.5967379634682549,0.3945610173557275,0.11969230594263638,0.2030863409303437
2_ense_enve_genELtask_37_03_03,0.6428571428571429,0.21428571428571427,0.0,0.3164579484595264,0.2475825943071805,0.05307444232569762,0.11832022244192991
2_enve_rvpnot_genELtask_92_08_03,0.37270685136652937,0.1224260576563085,0.6632347435417447,0.7997976319077871,0.5536318510176064,0.09152245928259789,0.24446211340262772
2_rt10v_rvpnot_genELtask_72_06_05,0.4438559322033898,0.13029661016949154,0.6003707627118644,0.5938720427807744,0.5744784937521648,0.04902243185074568,0.23289649918236238
2_ense_rt10v_genELtask_22_01_10,0.014917003140421714,0.2559443696724989,0.9554733064154329,0.6536758930238873,0.11661612663170118,0.010563441398145895,0.04779892416297424
2_enseef_rt10v_genELtask_12_01_00,0.000784313725490196,0.253781512605042,0.0,0.6618975093740622,0.14936448421068016,0.07430966210920538,0.09978328777078581
2_ense_enve_genELtask_14_01_02,0.004719207173194903,0.2529495044832468,0.2529495044832468,0.19382635134715698,0.1011114478587675,0.010665613901824978,0.0417362696777674
2_enseef_enve_genELtask_30_02_07,0.1669059583632448,0.26022972002871503,0.8442211055276382,0.7009050203729272,0.2981811089161321,0.049490063884713345,0.1323253611067962
2_enself_rt10v_genELtask_4_00_03,0.7884539343614076,0.006326611308817715,0.2902332937920127,0.7341066607379166,0.6017750001320097,0.08446319079738644,0.25754661997038764
2_ense_rt10v_genELtask_60_05_04,0.664,0.12266666666666666,0.4,0.5698206283003576,0.5021685225706433,0.08367260772037152,0.22321342009484033
2_enve_rt10v_genELtask_6_00_05,0.0031887755102040817,0.5,0.5,0.0,0.0,-2.5665658462840415e-14,1.4609171699417573e-14
2_rt10v_rvpnot_genELtask_1_00_00,0.00029997000299970003,0.4931506849315068,0.0,0.5544923070581674,0.09456185168571228,0.029304614551683532,0.05069504678945394
2_ense_rmcv_genELtask_67_06_00,0.764126149802891,0.005256241787122208,0.3120893561103811,0.7518665967768557,0.5972165683871318,0.07214013670664875,0.24994366904884743
2_enve_rmcv_genELtask_80_07_02,0.3557142857142857,0.22714285714285715,0.6442857142857142,0.6517416801285024,0.4796199079069343,0.06233112245126289,0.20501008678504531
2_enself_rmcv_genELtask_2_00_01,0.39909125331313894,0.09977281332828473,0.6310109806891329,0.7120187353302314,0.5226998876355093,0.06170678741918126,0.21976565915814453
2_ense_rt10v_genELtask_72_06_05,0.5480417018878557,0.1301775147928994,0.5066215835446605,0.6452335687481102,0.598400815245819,0.07552037007446673,0.2538299951908796
2_enve_rt10v_genELtask_73_06_06,0.4114255765199161,0.1331236897274633,0.6247379454926625,0.6001116168111318,0.5704156104208186,0.052163009043055916,0.233555266902745
2_rt10v_rvpnot_genELtask_32_02_09,0.8999808024572855,0.03014014206181609,0.18986369744672682,0.6269959605711612,0.6022506562371214,0.060311163757714184,0.24701173052131387
2_ense_rt10v_genELtask_62_05_06,0.4425016812373907,0.07330195023537324,0.574310692669805,0.7462555444978821,0.5023514335003845,0.07666726463628988,0.21878168183405255
2_enseef_rt10v_genELtask_17_01_05,0.12169312169312169,0.2962962962962963,0.43915343915343913,0.4445041290314368,0.2339676378620105,0.0398952531246502,0.10572131862070662
2_ense_rt10v_genELtask_70_06_03,0.776595744680851,0.005319148936170213,0.30086436170212766,0.7386782362176705,0.6009353373215089,0.08448309412754813,0.25721823974699504
2_enself_rt10v_genELtask_18_01_06,0.41566265060240964,0.28012048192771083,0.5993975903614458,0.6741020926914424,0.3935727659732712,0.09765230959491027,0.1897902218100729
2_ense_rvpnot_genELtask_1_00_00,0.0005581914596706671,0.5115824727881664,0.0,0.2704260414863775,0.045783347189129193,0.030906961757072707,0.035593816715716466
2_rt10v_rvpnot_genELtask_71_06_04,0.40285714285714286,0.26285714285714284,0.5942857142857143,0.6649333349223701,0.4032203160568205,0.07883697195523483,0.18405113903503278
2_rmcv_rvpnot_genELtask_13_01_01,0.1301053409720939,0.10072075401958973,0.7980040657919054,0.7677135027092734,0.3531155032845471,0.0607443292462888,0.1568964178715283
2_enve_rvpnot_genELtask_61_05_05,0.5066225165562914,0.12748344370860928,0.5347682119205298,0.5115553681333121,0.509213285521824,0.057932013520071234,0.21488747834900815
2_rt10v_rvpnot_genELtask_22_01_10,1.0,0.00020920502092050208,0.1,0.7886926739533026,0.6385811873842905,0.36528205705057953,0.43512772171918007
2_enseef_enself_genELtask_1_00_00,0.03184713375796178,0.4713375796178344,0.0,0.0,0.0,-4.848323085588059e-16,8.484565399779102e-16
2_ense_enve_genELtask_76_06_09,0.9073179150845703,0.0006903693476009665,0.1832930617880566,0.8552538997544381,0.5967992092551478,0.36015116862467417,0.4209255155064313
2_enseef_enve_genELtask_52_04_07,1.0,0.003236245954692557,0.0970873786407767,0.6999996275803991,0.6063169003597013,0.33119709777210654,0.40411185598402416
2_rmcv_rt10v_genELtask_19_01_07,0.18763866877971475,0.10047543581616482,0.7328050713153724,0.7542151037297532,0.35817523399194906,0.06683690101218798,0.16236781360250563
2_enve_rt10v_genELtask_108_09_08,0.05234681455430813,0.24699039632084405,0.7921006357365075,0.8760651951121073,0.37273195251887453,0.16625906482174058,0.23537973063703235
2_enself_rvpnot_genELtask_44_03_10,1.0,0.014925373134328358,0.08955223880597014,0.6285077825310188,0.5591085247847546,0.2999556841383065,0.36959470012904033
2_enself_rt10v_genELtask_40_03_06,0.48242746219861055,0.25623212096444625,0.5657948508377605,0.8267614316035612,0.5062199953216602,0.2945399239488939,0.3530271594826512
2_ense_rt10v_genELtask_31_02_08,0.1218274111675127,0.272419627749577,0.8020304568527918,0.5914616275520985,0.2374323859961468,0.039146103847632084,0.1065343586366209
2_rt10v_rvpnot_genELtask_30_02_07,0.7210321324245375,0.0019474196689386564,0.19961051606621227,0.8118191444671337,0.5236727697789572,0.3243200576635398,0.37399934603882795
2_enself_enve_genELtask_7_00_06,0.4507829977628635,0.12416107382550336,0.5939597315436241,0.5999899347586614,0.573075255614529,0.05347239544305581,0.23567001603302215
2_rmcv_rvpnot_genELtask_20_01_08,0.8048780487804879,0.17073170731707318,0.2682926829268293,0.43906933056673675,0.41953841763429844,0.07486005422897682,0.19028264894692767
2_enve_rt10v_genELtask_90_08_01,1.0,0.0001779042874933286,0.09998220957125066,0.8000055995932255,0.6337187256640586,0.3666673685013622,0.4346645195998424
2_enself_enve_genELtask_2_00_01,0.0013018225515722011,0.4977969156819547,0.4977969156819547,0.10218453802326659,0.06724513353984364,0.004115451974413046,0.026621664098740113
2_enve_rt10v_genELtask_57_05_01,0.9852941176470589,0.029411764705882353,0.10294117647058823,0.4973459910235571,0.4778307741441975,0.08754585270088139,0.2158501817665866
2_ense_rmcv_genELtask_48_04_03,0.41916167664670656,0.27844311377245506,0.6017964071856288,0.6751278958355251,0.39431303770630194,0.09769467089474564,0.19006045768775687
2_enve_rvpnot_genELtask_62_05_06,0.6115702479338843,0.12396694214876033,0.4132231404958678,0.5091125314236503,0.5080478312633268,0.06059730087911666,0.21751686410890697
2_ense_rt10v_genELtask_52_04_07,0.24813895781637718,0.09088089330024814,0.6997518610421837,0.7829467853326988,0.37478769547050117,0.0797522974301869,0.17460809113961842
2_ense_rt10v_genELtask_69_06_02,0.8793076067968874,0.029855486739717326,0.20851198983643005,0.6299666358917276,0.599643694181909,0.06034570682177423,0.24611464641134817
2_enseef_enve_genELtask_43_03_09,0.3925910807225227,0.2504337177262986,0.6112868660067354,0.8592911573380767,0.4322475929103519,0.22841787565097968,0.2839181901131401
2_enself_rt10v_genELtask_36_03_02,0.8493771234428086,0.0028312570781426952,0.20271800679501698,0.8371070917763516,0.537612850564994,0.3189793383301473,0.3740956891263012
2_ense_rvpnot_genELtask_13_01_01,0.0427497969130788,0.2550771730300569,0.9414094232331438,0.6827250036843905,0.17560870313616564,0.021437348376568417,0.07444504485425857
2_rmcv_rt10v_genELtask_17_01_05,0.5507343124165555,0.10013351134846461,0.5026702269692924,0.6573094011272658,0.5384051812012618,0.07716780821313449,0.2335418738029831
2_ense_rmcv_genELtask_25_02_02,0.2702702702702703,0.20270270270270271,0.3783783783783784,0.37623732333465304,0.2532195004505502,0.03311370214169924,0.11255619534042918
2_enseef_rmcv_genELtask_13_01_01,0.11992731677771049,0.10175651120533011,0.8049666868564507,0.7706359247408532,0.34838980765400906,0.06018921240764036,0.1549073444916672
2_rt10v_rvpnot_genELtask_21_01_09,0.9033412887828163,0.011137629276054098,0.1869530628480509,0.6829961418530797,0.6176705675950748,0.0826622115745773,0.26318314897521317
2_ense_rvpnot_genELtask_46_04_01,0.11380737396538751,0.12547027840481564,0.8053047404063205,0.750945686855021,0.37445532889651906,0.05687223056238955,0.16430332399453865
2_ense_enseef_genELtask_59_05_03,0.259336387616271,0.12342079689018465,0.7664861863112592,0.8179223939823769,0.5377571171509679,0.19308851786689255,0.3000249372064951
2_enve_rt10v_genELtask_74_06_07,0.3142559833506764,0.14151925078043703,0.6701352757544224,0.5969546313636848,0.49574182836884817,0.062486657480195856,0.21455335300554804
2_enseef_rvpnot_genELtask_54_04_09,0.900749063670412,0.0056179775280898875,0.1891385767790262,0.8122742339443141,0.5369497542384427,0.3147180250167532,0.37191915698047734
2_enve_rt10v_genELtask_76_06_09,0.11621251710837377,0.2573099415204678,0.8934925967400772,0.6002807675406352,0.49496464554780745,0.03613520487501194,0.19867649367463394
2_enve_rvpnot_genELtask_68_06_01,0.061658706035605734,0.14025184541901867,0.6851932262266609,0.6023923865883765,0.2770496979604465,0.037213677672216686,0.11920557566272547
2_ense_rvpnot_genELtask_73_06_06,0.5217555807794173,0.024214907302307985,0.5119182746878547,0.6737578531109052,0.5992329328317865,0.047910466405467915,0.2420428230959399
2_rmcv_rt10v_genELtask_48_04_03,0.1956521739130435,0.32608695652173914,0.32608695652173914,0.4873370075035338,0.23320848584355752,0.04123271992420233,0.10645193913384911
2_enseef_enself_genELtask_37_03_03,0.06011808910359635,0.006083378064054392,0.1587045983181249,0.8308234851968698,0.4339136417321697,0.2524422532212511,0.30279032438555026
2_ense_rvpnot_genELtask_75_06_08,0.7943495400788436,0.003942181340341655,0.2848226018396846,0.7493463029164047,0.5977215760776127,0.07278635139741209,0.25023933659329134
2_enve_rvpnot_genELtask_83_07_05,0.48951911220715166,0.07336621454993834,0.5413070283600493,0.7024083466841994,0.5087944795328581,0.06494299743605994,0.21598512046753815
2_ense_rt10v_genELtask_64_05_08,0.1907945205479452,0.13205479452054794,0.7995616438356165,0.672187346968151,0.4728127070008119,0.02818922150124703,0.18660288503064887
2_ense_rmcv_genELtask_16_01_04,0.022182254196642687,0.4088729016786571,0.7967625899280576,0.5661326285700348,0.10199820857680876,0.008419270609050752,0.041600094114697034
2_enself_rvpnot_genELtask_13_01_01,0.07066723513110211,0.24355148156043488,0.8579194201662759,0.8630532265787424,0.24846743956375728,0.09819484063759695,0.14387780877034134
2_enself_rvpnot_genELtask_3_00_02,0.1993997999333111,0.12870956985661888,0.7917639213071024,0.6831475616036886,0.4750582811403656,0.03672681784281664,0.19206206477852675
2_enself_rmcv_genELtask_15_01_03,0.5339805825242718,0.3106796116504854,0.5048543689320388,0.6286153980442563,0.4946179192858565,0.0959950733781131,0.22680459843234826
2_ense_rvpnot_genELtask_74_06_07,0.764126149802891,0.005256241787122208,0.3120893561103811,0.7518665967768557,0.5972165683871318,0.07214013670664875,0.24994366904884743
2_enve_rvpnot_genELtask_93_08_04,0.3184086696135748,0.24982175958933409,0.6961357478967631,0.7965496745306102,0.38054868290554267,0.08325703121243298,0.1770244233388885
2_ense_rt10v_genELtask_42_03_08,0.1267361111111111,0.10173611111111111,0.8003472222222222,0.768477628302684,0.3516939337955358,0.06054923889328806,0.15627418897157339
2_enseef_enve_genELtask_64_05_08,1.0,0.0001701258931609391,0.09986389928547125,0.799827095766494,0.6404147804497959,0.36850242876066913,0.43791006897138257
2_ense_enve_genELtask_63_05_07,0.3769491525423729,0.1776271186440678,0.6311864406779661,0.6993892960804853,0.4563478890314499,0.06358426650389398,0.19639599353080342
2_ense_rt10v_genELtask_47_04_02,0.7941176470588235,0.14705882352941177,0.23529411764705882,0.3452275114874784,0.3679381196745136,0.07006667559483372,0.17333067601872648
2_enve_rvpnot_genELtask_102_09_02,0.21031587365053978,0.2375049980007997,0.7944822071171531,0.8436095804469513,0.45431864527440585,0.207520432496227,0.28822392427664484
2_enself_rt10v_genELtask_46_04_01,1.0,0.00017667844522968197,0.1,0.7849872434442824,0.6451207913753952,0.36654951557798904,0.437739389732381
2_enseef_rvpnot_genELtask_55_04_10,1.0,0.00015264845061822624,0.09998473515493818,0.7996772405357235,0.6244970162558853,0.32009269501835763,0.39706145798613607
2_enve_rmcv_genELtask_70_06_03,0.41916167664670656,0.27844311377245506,0.6017964071856288,0.6751278958355251,0.39431303770630194,0.09769467089474564,0.19006045768775687
2_enself_rmcv_genELtask_7_00_06,0.011553273427471117,0.5083440308087291,0.0,0.15588348026008178,0.08939766874463459,0.009126727232035881,0.0371539492547458
2_enself_enve_genELtask_54_04_09,0.7662223340040242,0.0008802816901408451,0.19806338028169015,0.8789815716041716,0.5647735760888405,0.3463182970363317,0.40304616667774706
2_enve_rvpnot_genELtask_65_05_09,0.96,0.04,0.12,0.5147006595099423,0.4897124832059143,0.07557209277262326,0.21581058120648489
2_enseef_rt10v_genELtask_27_02_04,0.6551724137931034,0.19540229885057472,0.40229885057471265,0.5124041311444862,0.4450782150888588,0.0722889404498124,0.19836643170998772
2_enself_rt10v_genELtask_21_01_09,0.06721915285451197,0.2605893186003683,0.8982504604051565,0.6106862743067145,0.18494001893952683,0.021402207275877886,0.07797520383296791
2_ense_rvpnot_genELtask_33_02_10,1.0,0.09090909090909091,0.09090909090909091,0.2596796388704891,0.26563917270831705,0.06138211074026601,0.1308565847381577
2_ense_rt10v_genELtask_68_06_01,1.0,0.0026455026455026454,0.09788359788359788,0.6763488461924798,0.6036041830290433,0.12942797270250642,0.2800378176902421
2_enself_rt10v_genELtask_14_01_02,0.97,0.01,0.12666666666666668,0.5851365409913568,0.5520314172477577,0.1062956438151467,0.2519229712120042
2_enseef_rvpnot_genELtask_12_01_00,0.0004116920543433512,0.34026348291477976,0.0,0.5544923070581674,0.09743179221742981,0.028389972055774374,0.05056310594901508
2_ense_rmcv_genELtask_6_00_05,0.0014562563011089951,0.5033045816063627,0.5033045816063627,0.0,0.0,-1.3678544002165065e-14,-1.6165552002558713e-14
2_ense_rvpnot_genELtask_12_01_00,0.0005297171310520183,0.4447505032312745,0.0,0.6352130207431887,0.11201389909978393,0.03228567208363393,0.057830402547313954
2_enve_rmcv_genELtask_7_00_06,0.002591283863368669,0.504829210836278,0.504829210836278,0.0,0.0,8.039697800600999e-15,0.0
2_ense_rt10v_genELtask_63_05_07,0.29117876658860264,0.12412177985948478,0.6978922716627635,0.6185605423502091,0.5102401413861473,0.04941077155382689,0.21155986676551425
2_enseef_rvpnot_genELtask_53_04_08,0.8016194331983806,0.0016869095816464238,0.196693657219973,0.8539926880814102,0.5777145551275902,0.3328462089586026,0.39593339624659785
2_ense_rvpnot_genELtask_65_05_09,0.9010989010989011,0.03296703296703297,0.18681318681318682,0.5271839828952926,0.5045564181545842,0.0946501187734037,0.2321996779805319
2_enself_rmcv_genELtask_6_00_05,0.0013011710539485538,0.5020518466619958,0.5020518466619958,0.0,0.0,1.4212675557071876e-14,0.0
2_ense_rvpnot_genELtask_58_05_02,0.20221169036334913,0.12859399684044234,0.7965244865718799,0.6672249851308998,0.5007271458239038,0.03570578773101733,0.20055238352871674
2_ense_enve_genELtask_50_04_05,0.6585365853658537,0.2926829268292683,0.34146341463414637,0.47183700866721895,0.4115371132889812,0.07004068926627709,0.18591470160708254
2_enve_rmcv_genELtask_89_08_00,1.0,0.0001219958521410272,0.09991460290350128,0.8000847230210912,0.6459578072807687,0.3701337537518133,0.44052073894654764
2_ense_enself_genELtask_67_06_00,0.46644962922770844,0.25375293904865254,0.5800325556158438,0.6407290162706628,0.6003719605317819,0.04137604010048015,0.23842018265513718
2_ense_rt10v_genELtask_12_01_00,0.0004931777083675817,0.4887391089922736,0.0,0.5544923070581674,0.0999428375052426,0.030987398154804432,0.053590028683394644
2_ense_rt10v_genELtask_74_06_07,0.31950343025155176,0.07296090602199717,0.698573450941958,0.6786457966658624,0.5693710172340232,0.0570563755696918,0.2353767585504781
2_enself_enve_genELtask_43_03_09,0.21570304481696886,0.12452959288402327,0.5964762230585016,0.8856732668763607,0.396194624558549,0.22753261728760327,0.2775285507201372
2_ense_rvpnot_genELtask_62_05_06,0.5542483660130719,0.09934640522875816,0.4745098039215686,0.7111494306868057,0.5012466678531697,0.08641979271745638,0.22363433457780976
2_ense_enseef_genELtask_47_04_02,0.44871794871794873,0.2777777777777778,0.5726495726495726,0.6563532462804809,0.39718748690875827,0.09842879303797471,0.19147819831256924
2_enself_enve_genELtask_53_04_08,0.9963735267452403,0.00020147073637554144,0.103253752392465,0.8385280573395623,0.62729086250449,0.37179140112570663,0.4368162810549426
2_enseef_rt10v_genELtask_35_03_01,1.0,0.0006666666666666666,0.1,0.7255219891970006,0.6258186547355591,0.13283853776854676,0.2887741789125533
2_rt10v_rvpnot_genELtask_41_03_07,0.7766323024054983,0.005498281786941581,0.30103092783505153,0.7380254228287201,0.6008918934229416,0.08423928259446348,0.257093256228804
2_ense_rt10v_genELtask_43_03_09,0.1407055910872705,0.24963895192902827,0.8609449143800288,0.7094773609632139,0.298258299252895,0.031614888031461785,0.12336048753268711
2_enseef_rvpnot_genELtask_1_00_00,0.0003420557550880794,0.5127415768770309,0.0,0.2704260414863775,0.04369927556248628,0.029487682965891097,0.033966611015182245
2_ense_rmcv_genELtask_7_00_06,0.0070921985815602835,0.5354609929078015,0.0,0.2704260414863775,0.0631036481450275,0.042228688492871126,0.04885113668899094
2_rt10v_rvpnot_genELtask_62_05_06,0.6022125272670614,0.061389841071985043,0.4579308195699595,0.7112269863164916,0.5592120075631053,0.052215107316819484,0.22814516460296091
2_ense_enve_genELtask_61_05_05,0.7095238095238096,0.14761904761904762,0.35714285714285715,0.4996267160933724,0.5005307070225866,0.07770916810122416,0.22060325231418743
2_enself_rt10v_genELtask_35_03_01,1.0,0.008264462809917356,0.09917355371900827,0.6486161031143698,0.5808313889126127,0.31074899266789247,0.3829008532866322
2_rt10v_rvpnot_genELtask_91_08_02,0.20016488046166528,0.12481450948062654,0.7930750206100577,0.6726820104618338,0.491675112509337,0.04113294731814114,0.20013536180109112
2_enself_rmcv_genELtask_17_01_05,0.009868421052631578,0.5164473684210527,0.0,0.5544923070581674,0.14040926575315152,0.043394553030050825,0.07519339068793919
2_enve_rvpnot_genELtask_46_04_01,0.14583333333333334,0.25,0.25,0.44624779143465043,0.21501055272268005,0.0480911538435993,0.10442423359025803
2_enseef_enve_genELtask_54_04_09,0.20489673095335795,0.002188483107646013,0.18738886609218985,0.8687890313003677,0.4991733795223106,0.2986728105234114,0.35258669969850326
2_ense_rvpnot_genELtask_54_04_09,0.9473684210526315,0.10526315789473684,0.10526315789473684,0.42386075520025757,0.4051256559031175,0.07632945394280476,0.18861636503762272
2_enseef_enve_genELtask_32_02_09,0.11739130434782609,0.24633540372670806,0.6737888198757764,0.8988520186266573,0.3478145999214712,0.18615508054299854,0.23356656847426072
2_enve_rvpnot_genELtask_44_03_10,1.0,0.1,0.1,0.32607923012979584,0.31359105712814755,0.06558274127883523,0.14676045208231644
2_enself_rmcv_genELtask_14_01_02,0.6289308176100629,0.2138364779874214,0.4339622641509434,0.5521532069667591,0.5321938660580855,0.10071977633322196,0.24398229113471603
2_rmcv_rt10v_genELtask_27_02_04,0.30303030303030304,0.2222222222222222,0.43434343434343436,0.5896814290376616,0.2888035815703274,0.06990916283130365,0.14032796498107944
2_rmcv_rvpnot_genELtask_25_02_02,0.19672131147540983,0.12986680327868852,0.7617827868852459,0.7376797055128703,0.432732906258211,0.0396515613565788,0.1765753928400492
2_enself_enve_genELtask_9_00_08,0.17209062821833163,0.09670442842430484,0.7829042224510814,0.8016088301190095,0.3431871264383427,0.06692940816152883,0.15659230487129236
2_rmcv_rt10v_genELtask_37_03_03,0.15789473684210525,0.3157894736842105,0.3157894736842105,0.4536006268361936,0.2371787996708232,0.054679948482344885,0.1161435520680737
2_rmcv_rt10v_genELtask_34_03_00,0.04424778761061947,0.26548672566371684,0.0,0.796453035938273,0.28580976196834856,0.044608312003522284,0.1460687246082342
2_rmcv_rvpnot_genELtask_39_03_05,0.41916167664670656,0.27844311377245506,0.6017964071856288,0.6751278958355251,0.39431303770630194,0.09769467089474564,0.19006045768775687
2_ense_enself_genELtask_24_02_01,0.001614367874079306,0.16345474725052972,0.16345474725052972,0.7433100657623489,0.1961919798423869,0.08850192256822507,0.12519684172076942
2_enseef_rvpnot_genELtask_66_05_10,1.0,0.00010003000900270081,0.09992997899369811,0.7833211622447188,0.6637142181686587,0.3713938786321146,0.44626927597771393
2_ense_rt10v_genELtask_33_02_10,0.03995189738107963,0.2568145376803848,0.943479422768573,0.6624261416130302,0.184536932438705,0.022989885591513062,0.07852394472577166
2_enve_rvpnot_genELtask_70_06_03,0.32346723044397463,0.12156448202959831,0.6839323467230444,0.6009319526851553,0.50503998091767,0.04450400513340562,0.20723108800360734
2_ense_rmcv_genELtask_37_03_03,0.41916167664670656,0.27844311377245506,0.6017964071856288,0.6751278958355251,0.39431303770630194,0.09769467089474564,0.19006045768775687
2_ense_rvpnot_genELtask_25_02_02,0.21333333333333335,0.22,0.5066666666666667,0.48153049985461915,0.25469180942444536,0.03217123052335337,0.11058330161553356
2_ense_rvpnot_genELtask_26_02_03,0.21818181818181817,0.19090909090909092,0.37272727272727274,0.4185882982245169,0.24680054455062841,0.03080151008311218,0.10784810680878289
2_enseef_enve_genELtask_29_02_06,0.29489291598023065,0.14991762767710048,0.6828665568369028,0.6096246529758885,0.5012496436543203,0.039840166474235134,0.20415698015983666
2_enseef_rt10v_genELtask_6_00_05,0.0015598752099832012,0.5035997120230381,0.5035997120230381,0.0,0.0,2.546640055463102e-15,-4.547571527612682e-16
2_ense_rt10v_genELtask_36_03_02,0.27586206896551724,0.20689655172413793,0.20689655172413793,0.3754822886448377,0.22991363660166875,0.054761137545793405,0.11374640208002078
2_ense_rt10v_genELtask_23_02_00,0.002514668901927913,0.2514668901927913,0.0,0.6672662640316209,0.20326338543432104,0.08923271041616294,0.12516782645634214
2_rmcv_rt10v_genELtask_12_01_00,1.0,0.08333333333333333,0.08333333333333333,0.45231085353309364,0.43519213980278576,0.16514608936760622,0.2427574303877492
2_enve_rt10v_genELtask_109_09_09,0.06818993216708319,0.24491253123884327,0.8996786861835059,0.8673884726104196,0.3431019316874335,0.1201020315034845,0.1942958947991436
2_enve_rt10v_genELtask_80_07_02,0.8734284204965663,0.01341785525620708,0.2138404648705758,0.7000159115393306,0.6218838633681831,0.07757545211157915,0.2621631612758759
2_enve_rvpnot_genELtask_48_04_03,0.25925925925925924,0.24074074074074073,0.24074074074074073,0.38257028438007107,0.2126868779315399,0.03911059205320834,0.09910643174300457
2_enve_rt10v_genELtask_64_05_08,0.24334600760456274,0.25475285171102663,0.7490494296577946,0.5066807619897978,0.4794203095924818,0.062026818890137066,0.20911468018277765
2_rt10v_rvpnot_genELtask_49_04_04,0.3793103448275862,0.26436781609195403,0.41379310344827586,0.6170307544701875,0.357424170045835,0.0744209862188654,0.16782750028784751
2_enself_rmcv_genELtask_24_02_01,0.01081665765278529,0.10005408328826393,0.19469983775013522,0.7095927907435143,0.2809708916191249,0.15600026455721008,0.19250942915433888
2_ense_enself_genELtask_47_04_02,0.2086673889490791,0.25395449620801736,0.6147345612134345,0.8589802177614073,0.39431929515589226,0.22489058861896516,0.27425910317395397
2_enseef_rvpnot_genELtask_2_00_01,0.07936507936507936,0.4444444444444444,0.0,0.0,0.0,3.316838186681368e-16,0.0
2_enseef_rt10v_genELtask_21_01_09,0.08450202044212028,0.25683384834799144,0.9058711671024483,0.6862764001833938,0.26606134142159177,0.023814340349533402,0.10831503009791116
2_enve_rvpnot_genELtask_40_03_06,0.6285714285714286,0.3142857142857143,0.4,0.3243670610820629,0.33674882179433613,0.05367841385910445,0.15498867429703783
2_ense_rt10v_genELtask_57_05_01,1.0,0.006666666666666667,0.1,0.5102807117432726,0.5015289717069972,0.06833762471996664,0.21555759725553392
2_ense_enseef_genELtask_1_00_00,0.0025864095932283094,0.5043498706795203,0.5043498706795203,0.0,0.0,7.473261707331885e-15,0.0
2_ense_rvpnot_genELtask_35_03_01,0.1017897091722595,0.13683818046234153,0.7680835197613721,0.7267636370412153,0.3478862880864521,0.05532445293982546,0.1531545445744376
2_ense_rvpnot_genELtask_53_04_08,0.8,0.2,0.275,0.37970207382551047,0.36996080582625007,0.06940127812815286,0.1699038980616648
2_enve_rmcv_genELtask_90_08_01,0.16251556662515568,0.10149439601494396,0.7654628476546285,0.7618969979103319,0.3488611583052632,0.06336942587057696,0.15720717657801694
2_rmcv_rt10v_genELtask_29_02_06,0.44840230487166055,0.12624410686223153,0.5961236249345206,0.604473812783234,0.5757274143886218,0.05258030723866992,0.23615453007896575
2_enseef_enve_genELtask_31_02_08,0.16261171797418073,0.24528301886792453,0.814299900695134,0.790956306110328,0.2879936536118941,0.054503267612948686,0.12985485823816556
2_ense_enve_genELtask_42_03_08,0.01684700725927955,0.2532529790439666,0.5569100123270785,0.8093285216433496,0.3029351949964097,0.1602985783623636,0.20390300070227407
2_ense_enve_genELtask_73_06_06,0.5989656793606017,0.1476257639868359,0.460742830277386,0.6001689565686317,0.5848493126902227,0.07609034216138655,0.2490630239283694
2_ense_enve_genELtask_43_03_09,0.052930883639545054,0.2446777486147565,0.5701370662000583,0.8498744182570178,0.33624831602572935,0.18690457682213985,0.2317046265725234
2_rt10v_rvpnot_genELtask_42_03_08,0.7988919667590028,0.003601108033240997,0.2808864265927978,0.735305157647976,0.6040397083155762,0.07590842287084686,0.2544126015044152
2_rmcv_rvpnot_genELtask_40_03_06,0.5675675675675675,0.32432432432432434,0.43243243243243246,0.5665179446156953,0.41679869032315814,0.15262718172349338,0.23165088520356314
2_ense_rvpnot_genELtask_60_05_04,0.3987603305785124,0.2612160566706021,0.641086186540732,0.658699546110525,0.49476902137616524,0.06453567421330207,0.21032126355105982
2_rmcv_rt10v_genELtask_54_04_09,0.013009757317988492,0.42006504878658996,0.9056792594445834,0.5862046909986534,0.0918813316008443,0.006891360624649284,0.037237209578735504
2_ense_enve_genELtask_52_04_07,0.45454545454545453,0.24,0.56,0.6864883769342432,0.3972178603498358,0.09515681359097054,0.18993089954505074
2_rmcv_rt10v_genELtask_39_03_05,0.5333333333333333,0.36666666666666664,0.5,0.5270149315281448,0.43071533422413444,0.10463582341305287,0.20986648314647313
2_rt10v_rvpnot_genELtask_81_07_03,0.29964982491245623,0.13056528264132067,0.7011005502751376,0.764804841202939,0.5129865629361204,0.0680419026838367,0.21890744642380972
2_enve_rmcv_genELtask_100_09_00,0.9897970259416042,0.00021708455443395202,0.10908498860306089,0.8453838706256215,0.6217128322686242,0.37114184388753946,0.43509476466641256
2_rmcv_rvpnot_genELtask_45_04_00,0.0003088644085246577,0.49315350561103677,0.0,0.4999999999999999,0.08524224901346401,0.019482358681523183,0.04226758788818367
2_ense_rvpnot_genELtask_64_05_08,0.8074074074074075,0.05925925925925926,0.24444444444444444,0.5404934223807907,0.49578107723186055,0.09255990657812231,0.22697102649805923
2_ense_enve_genELtask_38_03_04,0.19318181818181818,0.3181818181818182,0.3181818181818182,0.4323018232725984,0.21596434768890624,0.049041550785924516,0.10474245919269466
2_rmcv_rt10v_genELtask_55_04_10,0.033902625541677285,0.4088707621718073,0.9530971195513638,0.5916927705655913,0.14764489344927378,0.017014713263953804,0.062911268066326
2_enve_rvpnot_genELtask_55_04_10,1.0,0.043478260869565216,0.08695652173913043,0.4192234274949843,0.4067381127637474,0.09290522649405715,0.19417336118481004
2_enve_rt10v_genELtask_86_07_08,0.19177879639213366,0.1273103652225344,0.8000887180245453,0.6860680720129388,0.47272073876739407,0.03665228049279297,0.19112397415172433
2_ense_enseef_genELtask_36_03_02,0.016761286834279535,0.12841308461746417,0.5477155988104894,0.81757394462252,0.3017996998651472,0.16009570477515675,0.20166053731375874
2_ense_enve_genELtask_29_02_06,0.11224489795918367,0.2530612244897959,0.7510204081632653,0.6023618120023844,0.20666076557863647,0.05016799825589512,0.1018963587241109
2_ense_enve_genELtask_86_07_08,1.0,0.00012236906510034264,0.09997552618697993,0.8012072398304192,0.6421081090158219,0.3695782486569548,0.43890952333995004
2_ense_rvpnot_genELtask_88_07_10,1.0,0.00010008006405124099,0.09997998398718975,0.7833100330015137,0.6637133036678283,0.3713899812950076,0.446266652094056
2_ense_enseef_genELtask_83_07_05,1.0,0.00010009008107296567,0.09998999099189271,0.7833077950948318,0.6637136599574901,0.3713893005508535,0.446266362534846
2_ense_enseef_genELtask_25_02_02,0.02759381898454746,0.2588300220750552,0.5568432671081678,0.7830249707259856,0.2904626489754093,0.15041900418941212,0.19604792463125695
2_rmcv_rt10v_genELtask_38_03_04,0.5802469135802469,0.30864197530864196,0.43209876543209874,0.5449766190213845,0.4625750410600026,0.07362228620802724,0.20529237802197206
2_ense_rvpnot_genELtask_59_05_03,0.30058177117000645,0.1195862960568843,0.6984486102133161,0.7709494367630286,0.5078159240645987,0.07897748215854472,0.22282913530131965
2_enve_rvpnot_genELtask_81_07_03,0.29977628635346754,0.1309967685806612,0.7017151379567487,0.7651685138918896,0.5126735885740216,0.067947545802514,0.21874266825922745
2_enve_rvpnot_genELtask_60_05_04,0.4025974025974026,0.1314935064935065,0.6298701298701299,0.5825512417746324,0.5613133918426311,0.05809117001370033,0.23309564182786513
2_enve_rt10v_genELtask_60_05_04,0.5454545454545454,0.2727272727272727,0.4318181818181818,0.5051467122301984,0.44951599902189926,0.07940470491266163,0.20417709469418027
2_rmcv_rvpnot_genELtask_11_00_10,1.0,9.999000099990002e-05,0.0999900009999,0.8044470820612832,0.6457745443963507,0.37136173684124085,0.44119188609387766
2_rmcv_rvpnot_genELtask_26_02_03,0.29977628635346754,0.1309967685806612,0.7017151379567487,0.7651685138918896,0.5126735885740216,0.067947545802514,0.21874266825922745
2_enseef_rmcv_genELtask_25_02_02,0.6260869565217392,0.2,0.43478260869565216,0.44044255790793213,0.44271480048853556,0.08239413030758509,0.20317677019587796
2_enself_rt10v_genELtask_7_00_06,0.4252386002120891,0.13414634146341464,0.6071049840933191,0.5845355586517406,0.561454918236543,0.038673104945239026,0.22397098202659466
2_rmcv_rt10v_genELtask_2_00_01,1.0,0.00010384215991692627,0.1,0.8035076975616727,0.6352520830731573,0.36048740406460916,0.4291953685744355
2_enseef_rmcv_genELtask_37_03_03,0.4737903225806452,0.26411290322580644,0.5725806451612904,0.7757655325345933,0.4694702799054282,0.23169359286087465,0.3014141926482471
2_ense_rt10v_genELtask_6_00_05,0.00319693094629156,0.5003196930946292,0.5003196930946292,0.0,0.0,-4.578302287027697e-15,0.0
2_enve_rvpnot_genELtask_71_06_04,0.4041030534351145,0.1316793893129771,0.6216603053435115,0.6002288978321139,0.559900418051749,0.04747986269333018,0.22738337291973795
2_rmcv_rvpnot_genELtask_14_01_02,0.209849157054126,0.09760425909494233,0.6903283052351376,0.743804339891634,0.3709911954966686,0.0691373554237,0.16817483023045388
2_ense_enself_genELtask_78_07_00,0.9916525781910397,0.00042265426880811494,0.10745984784446323,0.6818091936552488,0.6628424662050423,0.06895795937018075,0.27299588014506926
2_enve_rmcv_genELtask_40_03_06,0.00975609756097561,0.551219512195122,0.0,0.3074497498641964,0.07609500640214371,0.04809680564770084,0.05715571554672752
2_rmcv_rt10v_genELtask_20_01_08,0.13463426607756504,0.1018654884634266,0.8000736377025037,0.771295486835231,0.3362591080615595,0.037828899355761364,0.13995832898981683
2_ense_rmcv_genELtask_46_04_01,0.11209808582509696,0.10108845239584636,0.8120855748780182,0.7725966385412378,0.3442763478822593,0.059774186686932504,0.15321277124000215
2_ense_rmcv_genELtask_18_01_06,0.08,0.52,0.0,0.3074497498641964,0.10130038164028596,0.06610450529037168,0.07721645898858422
2_enseef_rvpnot_genELtask_33_02_10,1.0,0.012658227848101266,0.08860759493670886,0.44299742697806005,0.44405128188265225,0.07823175806531432,0.20050108852719792
2_ense_enseef_genELtask_70_06_03,0.9972401103955841,0.0018399264029438822,0.10211591536338546,0.724336660636945,0.6166055020592973,0.14787513906808894,0.2934965768961928
2_enve_rmcv_genELtask_37_03_03,0.1,0.3,0.3,0.23115761362605888,0.12002962698793322,0.018358404953821968,0.052794819304296185
2_enseef_enself_genELtask_48_04_03,0.9583065035415326,0.000643915003219575,0.13747585318737926,0.809867401546759,0.5782541706732083,0.334729310230363,0.39417869806656497
2_rt10v_rvpnot_genELtask_102_09_02,0.20076880834706207,0.25238879736408565,0.8177924217462933,0.6764725598847333,0.4542242723888896,0.05386733979245126,0.19144830932493595
2_ense_rvpnot_genELtask_77_06_10,0.9992774566473989,0.001445086705202312,0.10043352601156069,0.7178130826262056,0.629535780212096,0.09754339360516616,0.27320310131581965
2_enself_rvpnot_genELtask_4_00_03,0.29977628635346754,0.1309967685806612,0.7017151379567487,0.7651685138918896,0.5126735885740216,0.067947545802514,0.21874266825922745
2_ense_rvpnot_genELtask_39_03_05,0.5227272727272727,0.13636363636363635,0.25,0.41057542133336555,0.2969442157881696,0.0791674490843171,0.14939483400465967
2_enseef_enve_genELtask_21_01_09,0.13018289219584234,0.2524139497898444,0.7349767124843803,0.8724449818942733,0.2696495696470786,0.03586180052656945,0.11404857291316693
2_rt10v_rvpnot_genELtask_38_03_04,0.38181818181818183,0.21818181818181817,0.36363636363636365,0.3565673131688774,0.31839978950133335,0.04518485157314191,0.14251807703444563
2_ense_enve_genELtask_30_02_07,0.0635386119257087,0.25733137829912023,0.9337732160312805,0.6738098475094876,0.1999818525631695,0.029115786191157483,0.08750575580721748
2_enve_rvpnot_genELtask_99_08_10,1.0,0.0001690045631232043,0.09988169680581375,0.799977223796531,0.640383631910304,0.3685425363880637,0.4379235719821849
2_ense_enve_genELtask_40_03_06,0.03277467411545624,0.12700186219739293,0.7221601489757914,0.5947160958430704,0.2533981999054099,0.0311431046824999,0.10746352648140392
2_enself_enve_genELtask_6_00_05,0.3023255813953488,0.17054263565891473,0.46511627906976744,0.4973568940354535,0.3280453073325207,0.04822598629603691,0.1453281829033385
2_enself_rvpnot_genELtask_2_00_01,0.10176991150442478,0.23893805309734514,0.6393805309734514,0.5322213949490472,0.21319515406189085,0.03072342007702191,0.09437418196206221
2_enself_enve_genELtask_1_00_00,0.0026067776218167233,0.501102867455384,0.501102867455384,0.0,0.0,-6.810189895984675e-17,-3.609400644871878e-15
2_enve_rmcv_genELtask_104_09_04,0.0037136066547831252,0.3422459893048128,0.594622697563874,0.8909504129629577,0.21090335380048103,0.026735160378988727,0.10085831330768422
2_enve_rvpnot_genELtask_86_07_08,0.869810655062919,0.013407032811948725,0.2170998471127837,0.70905740361614,0.6098176049043782,0.07712728261624814,0.257469021786149
2_rt10v_rvpnot_genELtask_101_09_01,0.09905466502260583,0.3686806411837238,0.8882038635429511,0.6251196899811376,0.29977600013765887,0.04047241415032912,0.13059217457909608
2_enve_rt10v_genELtask_91_08_02,0.9996524157108099,0.0006951685783802572,0.10010427528675704,0.8002752103916206,0.6072425862732564,0.36098433758319076,0.42309407805468824
2_ense_enself_genELtask_81_07_03,1.0,0.00023736055067647758,0.09992879183479705,0.7658359341913594,0.6500131547581898,0.3626600313644517,0.4365876844443246
2_ense_rvpnot_genELtask_51_04_06,0.627906976744186,0.27906976744186046,0.37209302325581395,0.558384700087116,0.40485226376390304,0.09661754309058429,0.19285137003477257
2_enve_rt10v_genELtask_75_06_08,0.23708086785009863,0.13136094674556212,0.7420118343195267,0.6005781687884665,0.5050408696540936,0.028824075899169067,0.1995877088385617
2_enself_rmcv_genELtask_34_03_00,1.0,0.00016142050040355126,0.09991928974979822,0.7850560742767585,0.6538034713016272,0.36854774608685437,0.44179968493655924
2_enseef_rt10v_genELtask_23_02_00,0.5833333333333334,0.4166666666666667,0.0,0.44418611703376093,0.37274238284153316,0.09693751393724663,0.19555281983213932
2_enseef_enve_genELtask_17_01_05,0.46153846153846156,0.21153846153846154,0.3076923076923077,0.5574625556191232,0.3853587210180783,0.0782543117636948,0.18096811968511958
2_ense_rvpnot_genELtask_43_03_09,0.8125,0.1875,0.1875,0.4817830830728342,0.3060857513378478,0.07166179861354416,0.14536265038691892
2_ense_enseef_genELtask_48_04_03,0.110485384821668,0.2475194422097077,0.8943416465540359,0.8351035465746178,0.39680065127482733,0.10674930308961883,0.20486571104132703
2_enve_rt10v_genELtask_46_04_01,1.0,0.045454545454545456,0.09090909090909091,0.40024899112774553,0.401246736283437,0.10727383549928544,0.20020761104820178
2_enve_rmcv_genELtask_92_08_03,0.44106463878326996,0.24714828897338403,0.5342205323193916,0.7972297613442549,0.4270619813847052,0.08025054905553752,0.1919293846254568
2_ense_enve_genELtask_1_00_00,0.0025864095932283094,0.5043498706795203,0.5043498706795203,0.0,0.0,7.473261707331885e-15,0.0
2_ense_rvpnot_genELtask_66_05_10,0.987012987012987,0.025974025974025976,0.1038961038961039,0.5159892252130439,0.4999734475465653,0.10274044797748526,0.23225986224195067
2_enseef_enve_genELtask_16_01_04,0.22916666666666666,0.20833333333333334,0.3958333333333333,0.40168598280831413,0.24596498762070543,0.029935020945679732,0.10766848262252789
2_enve_rmcv_genELtask_58_05_02,0.5373134328358209,0.22388059701492538,0.40298507462686567,0.48503262882778997,0.4169063986076437,0.059254903179160115,0.18264825578212993
2_rt10v_rvpnot_genELtask_90_08_01,0.09908657664813345,0.1272835583796664,0.7950754567116759,0.7249830768547969,0.3400318850932857,0.04967216309276817,0.14753454215637338
2_enself_enve_genELtask_29_02_06,0.6666666666666666,0.16666666666666666,0.3055555555555556,0.6292840916651702,0.475782381169641,0.1918647293996813,0.2774078864989419
2_enve_rmcv_genELtask_79_07_01,0.5363292734145317,0.10415791684166317,0.5086098278034439,0.7000985055175301,0.5406974223868796,0.07473774430120915,0.2322458172819938
2_ense_rvpnot_genELtask_52_04_07,0.6818181818181818,0.25,0.38636363636363635,0.4739238769186882,0.4505683665469095,0.0976918339464617,0.2145274436450869
2_rt10v_rvpnot_genELtask_79_07_01,0.09985528219971057,0.12156295224312591,0.6808972503617945,0.6681469462041987,0.3230999495038559,0.060464763042918375,0.1473857016636812
2_ense_rvpnot_genELtask_87_07_09,0.966898768077129,0.004392072844134976,0.1297268344938404,0.6819471388068389,0.6462920379925329,0.07503885156416033,0.26973837902531095
2_ense_rvpnot_genELtask_55_04_10,1.0,0.04,0.08,0.4092429248404182,0.40446079826798087,0.06565450963292607,0.18158921705763814
2_enve_rvpnot_genELtask_38_03_04,0.32142857142857145,0.39285714285714285,0.0,0.2815314387437779,0.21169892664053308,0.02720905239408195,0.09143018139880967
2_enself_enve_genELtask_31_02_08,0.2810404389351758,0.06157285104653526,0.7470026417394838,0.8020974201772291,0.5695363415823138,0.1998163209875276,0.3148465631538932
2_enself_rvpnot_genELtask_55_04_10,0.9998974253769617,0.00020514924607652066,0.10001025746230383,0.8194553151143993,0.7411017820217208,0.39511214985768045,0.48858916961185483
2_rmcv_rvpnot_genELtask_35_03_01,0.10077198786876206,0.24993107251171767,0.9092914254204577,0.6662719084591626,0.3059717257697536,0.035757435147494875,0.12910720254390906
2_enseef_rt10v_genELtask_46_04_01,1.0,0.0003418803418803419,0.09982905982905983,0.7763763279376865,0.6422398138541945,0.31380418597067344,0.399180129959901
2_enve_rvpnot_genELtask_57_05_01,0.1111111111111111,0.6666666666666666,0.0,0.4999999999999999,0.139495957203692,0.030830755985680865,0.06837355055371165
2_rmcv_rvpnot_genELtask_57_05_01,0.0013049588436057017,0.5020076289901626,0.5020076289901626,0.0,0.0,1.421321929360257e-14,0.0
2_enve_rt10v_genELtask_71_06_04,0.6643059490084986,0.2355996222851747,0.40179414542020775,0.6001057755063985,0.5793400740816261,0.062127322662328,0.24010862015395681
2_ense_enself_genELtask_68_06_01,0.761175367302282,0.0053141606752110035,0.31478587058455765,0.7531935860701843,0.5967503579781167,0.07214099869029295,0.2497593466653437
2_ense_rt10v_genELtask_58_05_02,0.7633136094674556,0.07692307692307693,0.2958579881656805,0.524932721495906,0.5047899048327706,0.08542377579901086,0.22763418596207466
2_enve_rt10v_genELtask_95_08_06,0.16101694915254236,0.2768361581920904,0.6045197740112994,0.8039886743388381,0.37447909263190454,0.194976063589732,0.25015131720553563
2_enseef_rt10v_genELtask_47_04_02,0.9921259842519685,0.007874015748031496,0.1062992125984252,0.7436225529832745,0.5711923633227731,0.3332148480591861,0.3954048890300234
2_ense_rt10v_genELtask_79_07_01,1.0,0.00010415581710238516,0.09998958441828976,0.7789801981612675,0.6810201795770177,0.3644583350485039,0.4462805066055299
2_ense_rt10v_genELtask_50_04_05,0.5364238410596026,0.2847682119205298,0.4966887417218543,0.6437490496674219,0.4703330942732151,0.12921919966151293,0.23647786415319852
2_ense_rvpnot_genELtask_71_06_04,0.3881051175656985,0.12697095435684647,0.6506224066390042,0.6567635962703023,0.6014998112318214,0.06855764199482094,0.2522619629357698
2_ense_enself_genELtask_36_03_02,0.016810168101681018,0.25297252972529727,0.5563755637556376,0.8093285216433496,0.302896123447337,0.16030872784612715,0.20389406805804183
2_enseef_enself_genELtask_59_05_03,1.0,0.00018460402436773122,0.09987077718294259,0.7775844395167896,0.6479500318666848,0.365615893812746,0.4378640889511959
2_enseef_enve_genELtask_2_00_01,0.0013028663058729205,0.49779514932852276,0.49779514932852276,0.11914304012564805,0.06534339459007388,0.005110285429115894,0.026182908398533412
2_ense_rmcv_genELtask_57_05_01,0.29049844236760125,0.12383177570093458,0.6978193146417445,0.6185605423502091,0.5100440532767193,0.04935306983718457,0.2114624220370411
2_enself_rvpnot_genELtask_21_01_09,0.8992176103964992,0.013791274366794854,0.19069088980241347,0.6856096487400428,0.6295739028676153,0.07547519077226403,0.26411515549590164
2_enself_rvpnot_genELtask_1_00_00,0.0013547311379741558,0.49781158816173404,0.49781158816173404,0.10218453802326659,0.0675166343463946,0.004116340451626956,0.02671499353043635
2_enseef_rvpnot_genELtask_44_03_10,1.0,0.0006393861892583121,0.09974424552429667,0.7290606136887061,0.6395080235119,0.15313171306700482,0.30310461985396187
2_enseef_enself_genELtask_36_03_02,0.20917573872472783,0.2391135303265941,0.7951010886469674,0.8444560133795129,0.4429981438289011,0.19916032772964534,0.2776008086788132
2_enve_rt10v_genELtask_97_08_08,0.12171877612439391,0.1260658752716937,0.79969904698211,0.7694178670024279,0.3676608611862521,0.056639640397514714,0.16038201097121524
2_ense_rmcv_genELtask_78_07_00,1.0,0.00010003000900270081,0.09992997899369811,0.7833211622447188,0.6637142181686587,0.3713938786321146,0.44626927597771393
2_ense_enseef_genELtask_69_06_02,0.764126149802891,0.005256241787122208,0.3120893561103811,0.7518665967768557,0.5972165683871318,0.07214013670664875,0.24994366904884743
2_rt10v_rvpnot_genELtask_68_06_01,0.08356545961002786,0.24535747446610956,0.6032961931290622,0.8372714394861207,0.3602349959538146,0.19967398724448748,0.24717809112009154
2_ense_enve_genELtask_62_05_06,0.6486486486486487,0.12162162162162163,0.2972972972972973,0.5987897455683974,0.525552674154493,0.07561118305981229,0.23037955648743713
2_ense_enseef_genELtask_13_01_01,0.026578073089700997,0.5083056478405316,0.0,0.1740530650312864,0.10198069029611968,0.01237384910245176,0.043519148640779326
2_ense_enseef_genELtask_35_03_01,0.031334688346883466,0.12652439024390244,0.7335704607046071,0.5915279556422066,0.2518333074465074,0.0312108819736288,0.10693418972580752
2_enself_enve_genELtask_3_00_02,0.001353743621784859,0.4980735186920754,0.4980735186920754,0.11914304012564805,0.06556703786008984,0.005106210780510883,0.026258873001614183
2_ense_rmcv_genELtask_58_05_02,0.5563636363636364,0.2,0.49818181818181817,0.5351295767613446,0.5047356955883876,0.07373631131899129,0.22062237796463355
2_enve_rmcv_genELtask_78_07_00,1.0,0.00020920502092050208,0.1,0.7886926739533026,0.6385811873842905,0.36528205705057953,0.43512772171918007
2_ense_enve_genELtask_13_01_01,0.0020521841102316037,0.2560832600410437,0.2560832600410437,0.14217738938969704,0.09023758174414398,0.0033494241118449523,0.03503491806161476
2_enve_rt10v_genELtask_82_07_04,0.6661613098847786,0.0661006670709521,0.40024257125530627,0.672249151728684,0.5796518064398385,0.06815187140942756,0.24348854205954132
2_ense_enve_genELtask_48_04_03,0.2830188679245283,0.3018867924528302,0.3018867924528302,0.2976186528786419,0.33441781052697933,0.04907876271990908,0.1524889268148327
2_enself_rmcv_genELtask_3_00_02,0.6,0.15,0.15,0.3389522680780381,0.2655041226965246,0.06731954349325184,0.13227886361492472
2_rt10v_rvpnot_genELtask_52_04_07,0.6667763157894737,0.06151315789473684,0.3996710526315789,0.6820205360852811,0.579248179708277,0.06244191945416506,0.24039112211371946
2_rt10v_rvpnot_genELtask_61_05_05,0.5433911882510013,0.1068090787716956,0.5013351134846462,0.6936744365145042,0.5258616232094979,0.07097841656529008,0.22531839241753018
2_enseef_enself_genELtask_49_04_04,1.0,0.0001998001998001998,0.0999000999000999,0.7826287958648518,0.6425827775941395,0.3652836235829632,0.4361479574757356
2_enseef_enve_genELtask_1_00_00,0.0025864095932283094,0.5043498706795203,0.5043498706795203,0.0,0.0,7.473261707331885e-15,0.0
2_enve_rt10v_genELtask_87_07_09,0.06019636246579752,0.2502816674714309,0.903750201191051,0.6686518108797188,0.22893871558051357,0.03027657595879006,0.09870494386128849
2_enself_rt10v_genELtask_5_00_04,0.6661613098847786,0.0661006670709521,0.40024257125530627,0.672249151728684,0.5796518064398385,0.06815187140942756,0.24348854205954132
2_enself_rvpnot_genELtask_15_01_03,0.29977628635346754,0.1309967685806612,0.7017151379567487,0.7651685138918896,0.5126735885740216,0.067947545802514,0.21874266825922745
2_ense_rt10v_genELtask_61_05_05,0.516439205955335,0.02760545905707196,0.5009305210918115,0.7745136122766582,0.4929459161110574,0.10276588539798542,0.22710175413488484
2_ense_rvpnot_genELtask_47_04_02,0.1875251509054326,0.12434607645875252,0.7227364185110664,0.7483820146613503,0.40644616017865376,0.05829467101635515,0.17647002250592866
2_enve_rt10v_genELtask_84_07_06,0.45558086560364464,0.2460136674259681,0.5899772209567198,0.6900910233148569,0.4236890810238842,0.10161554537368604,0.20221421119650995
2_enve_rvpnot_genELtask_91_08_02,0.17825989711473944,0.0967345112950123,0.778125698948781,0.7996314493163815,0.3461116766414362,0.06769483901919099,0.1580439663727761
2_enve_rt10v_genELtask_85_07_07,0.2954140694568121,0.18410507569011575,0.715939447907391,0.700017560023879,0.4721637847691348,0.05584266803213225,0.199149846635136
2_enseef_enself_genELtask_24_02_01,0.40627943485086343,0.2552590266875981,0.6342229199372057,0.7237630019929844,0.4694623510927801,0.06066621034601321,0.19888589789103306
2_enve_rvpnot_genELtask_66_05_10,1.0,0.008695652173913044,0.09565217391304348,0.501904844854025,0.4936208257829962,0.09649765772649643,0.22742663276868924
2_enve_rt10v_genELtask_56_05_00,0.0003090871625798475,0.49320008242324337,0.0,0.4999999999999999,0.0852421620693921,0.01948216805543355,0.04226742439364094
2_enseef_rvpnot_genELtask_13_01_01,0.10546875,0.2669270833333333,0.8333333333333334,0.5809155301160647,0.23156107563725548,0.031045172537781215,0.10039809773973855
2_enseef_rt10v_genELtask_29_02_06,0.4347048300536673,0.24329159212880144,0.5957066189624329,0.6819866763662089,0.42114189450261236,0.09408246450097306,0.19892527550719316
2_enve_rt10v_genELtask_26_02_03,0.2222222222222222,0.26666666666666666,0.26666666666666666,0.22915618276080518,0.1300169486432834,0.018828712697632134,0.057118426737216836
2_ense_rvpnot_genELtask_24_02_01,0.07326007326007326,0.2573260073260073,0.8846153846153846,0.6263033874861668,0.20210799990344155,0.02482280344991989,0.08597630744678382
2_enve_rvpnot_genELtask_1_00_00,0.0013029968928535633,0.5019544953392804,0.5019544953392804,0.0,0.0,4.344555633991358e-15,-7.879594066307365e-14
2_enve_rvpnot_genELtask_82_07_04,0.4368321810182275,0.25204274041483343,0.6068510370835952,0.6999063358207654,0.5040891223977214,0.07219779686542876,0.21717223427389704
2_enve_rt10v_genELtask_102_09_02,0.0013012361743656475,0.24632400780741703,0.24632400780741703,0.8752746979566216,0.21375086821159336,0.049826064706148324,0.11777605704729466
2_enself_rvpnot_genELtask_42_03_08,0.8,0.01020408163265306,0.21836734693877552,0.7656636647454017,0.5184032584926238,0.29369978353991066,0.3510908122339189
2_ense_rmcv_genELtask_15_01_03,0.001971900419028839,0.2578259797880207,0.0,0.7632300273809491,0.13516226549562854,0.019666957207139804,0.06524562750652554
2_ense_enve_genELtask_18_01_06,0.0013430029546065002,0.24576954069298954,0.0,0.594439569964495,0.14396643688882182,0.06265961176403209,0.08783928954389866
2_enve_rmcv_genELtask_81_07_03,0.38219895287958117,0.3089005235602094,0.612565445026178,0.6810138342248351,0.36964289136155537,0.06861744535906125,0.16905873396339655
2_enve_rt10v_genELtask_83_07_05,0.48951911220715166,0.07336621454993834,0.5413070283600493,0.7024083466841994,0.5087944795328581,0.06494299743605994,0.21598512046753815
2_ense_enve_genELtask_53_04_08,0.1758498111530771,0.045434347922683846,0.7716063097089536,0.8005099998768914,0.3912189839489091,0.05030821207679507,0.1652212546093527
2_enseef_rmcv_genELtask_45_04_00,1.0,0.0002092487968194183,0.09981167608286252,0.8010268154561254,0.6294363890676796,0.35323453226291174,0.4235015078424366
2_enseef_rvpnot_genELtask_27_02_04,0.3991459943066287,0.25538836925579506,0.6407076047173648,0.7355130282890663,0.4697743147975111,0.061929120007332215,0.199464904082887
2_enve_rt10v_genELtask_48_04_03,0.75,0.2222222222222222,0.3055555555555556,0.41580850709223377,0.40105083683640147,0.09939495266075477,0.19817630664922217
2_enve_rvpnot_genELtask_76_06_09,0.8998079385403329,0.026568501920614596,0.19014084507042253,0.6030647713053657,0.5778285635157442,0.04629661016928785,0.2318705616731016
2_ense_rvpnot_genELtask_63_05_07,0.7002801120448179,0.11484593837535013,0.3697478991596639,0.55556971717588,0.4923371539067269,0.08314308262865565,0.21917943259113196
2_ense_rmcv_genELtask_17_01_05,0.02531645569620253,0.5158227848101266,0.0,0.1740530650312864,0.10118276410294973,0.012244273914122975,0.04313738559435483
2_rt10v_rvpnot_genELtask_34_03_00,0.0010008006405124099,0.25450360288230583,0.25450360288230583,0.8595824360039367,0.1780327655248462,0.037460329970587534,0.09460060920456911
2_ense_enve_genELtask_16_01_04,0.125,0.4270833333333333,0.4270833333333333,0.37977164790872353,0.1622854692880737,0.036260454323699315,0.07973718201783332
2_ense_enve_genELtask_51_04_06,0.0732949876746097,0.2580115036976171,0.924404272801972,0.6000234339995398,0.3993433083670912,0.028582784747735415,0.16064195470862228
2_enve_rvpnot_genELtask_104_09_04,0.40017851829812556,0.15069919666765844,0.6193097292472478,0.8467831897627904,0.4447183428560639,0.23059381766982007,0.28976490709997976
2_enseef_rmcv_genELtask_14_01_02,0.32,0.2,0.2,0.37499469519394973,0.2398189463899838,0.06188592032426653,0.12075482792730102
2_enseef_rvpnot_genELtask_36_03_02,0.22409909909909909,0.07460585585585586,0.7635135135135135,0.850380255605885,0.5075806092629461,0.20411516663499504,0.29673547513209536
2_enself_rmcv_genELtask_45_04_00,1.0,0.0001012965964343598,0.09997974068071312,0.8041718984850963,0.6457628074879497,0.3712767004508105,0.4411375913173955
2_rmcv_rt10v_genELtask_15_01_03,0.7704280155642024,0.09727626459143969,0.3035019455252918,0.5586330306075828,0.5163177132435344,0.0605368526629282,0.21854530558450153
2_ense_rmcv_genELtask_35_03_01,0.05998967475477542,0.16427465152297366,0.859370160041301,0.7304451215612114,0.29080919521576903,0.02997793964457697,0.11984877400796907
2_enseef_enve_genELtask_27_02_04,0.6,0.2777777777777778,0.45555555555555555,0.4865160966404545,0.4658942136580921,0.06805462783080964,0.20499107635551528
2_ense_enve_genELtask_3_00_02,0.0016329196603527107,0.3718702373176573,0.3718702373176573,0.20363683619624154,0.0764214182151027,0.00497356134154834,0.030589120141464723
2_ense_rmcv_genELtask_47_04_02,0.30198019801980197,0.22277227722772278,0.6584158415841584,0.7471547312464346,0.4038893039608062,0.1551549209277123,0.23129472369676313
2_enseef_rvpnot_genELtask_15_01_03,0.2222222222222222,0.26666666666666666,0.43333333333333335,0.38501204110552495,0.2544856346899897,0.0256447894786518,0.11049854769567499
2_ense_enself_genELtask_25_02_02,0.0031762837480148226,0.0907005470266455,0.0907005470266455,0.6618275952141233,0.19246728598059074,0.11902182829030933,0.1394710875120019
2_enseef_rt10v_genELtask_43_03_09,0.09552042160737813,0.24989020641194554,0.9003074220465525,0.8418244132849267,0.3991000337039671,0.11677473026170786,0.21293022099653602
2_enseef_enve_genELtask_18_01_06,0.03487903225806452,0.1276209677419355,0.7213709677419354,0.5998737255903773,0.25531830594536575,0.03414178561179253,0.10969598463993006
2_enve_rvpnot_genELtask_90_08_01,0.1706433101781939,0.09715091110439948,0.7847578777811336,0.8022606804530344,0.3423564109840045,0.06674779829519922,0.15620670581328622
2_ense_rt10v_genELtask_41_03_07,0.06613080014614542,0.13664596273291926,0.6996711728169529,0.622377964892789,0.29327204162470544,0.039979479224951174,0.12633827013351837
2_ense_enve_genELtask_85_07_07,1.0,0.00014405070584845865,0.09997118985883031,0.7837118091476817,0.6531592748479932,0.35914166799672065,0.43414871665573956
2_enve_rvpnot_genELtask_63_05_07,0.6942675159235668,0.22929936305732485,0.36942675159235666,0.5019089653149432,0.4843176362110331,0.05826488748716736,0.20575324740458906
2_enself_rvpnot_genELtask_6_00_05,0.5002607697924273,0.025033900073015543,0.5392719307395432,0.6830979028779558,0.6177350573585882,0.03896692960834001,0.24402881636296161
2_enseef_rvpnot_genELtask_30_02_07,0.7019954819277109,0.026920180722891568,0.36803463855421686,0.6704891608970915,0.597687955233621,0.04563167532547852,0.23924783966001742
2_enseef_rmcv_genELtask_36_03_02,0.3014705882352941,0.19852941176470587,0.5955882352941176,0.708578356776798,0.5119588010160566,0.19052663999712707,0.2978106945198214
2_rmcv_rvpnot_genELtask_15_01_03,0.35771734967445423,0.10264266564534662,0.6447721179624665,0.7573063007922498,0.45272899767166697,0.04761469666410898,0.18699661144418314
2_ense_enself_genELtask_1_00_00,0.0022731969415168423,0.5067162636908452,0.5067162636908452,0.0,0.0,8.012961916646188e-15,0.0
2_rt10v_rvpnot_genELtask_36_03_02,0.2,0.3111111111111111,0.3111111111111111,0.45926298400903853,0.2551700061029853,0.03552748500825453,0.11051904959601062
2_enself_rvpnot_genELtask_16_01_04,0.4041916167664671,0.25149700598802394,0.5898203592814372,0.6795832983906253,0.39405800368160926,0.1003000009254972,0.19191128709452468
2_enself_rt10v_genELtask_13_01_01,0.9961795606494747,0.0019102196752626551,0.10315186246418338,0.7010523634251199,0.6196832373347432,0.10028681113328293,0.27161496058235857
2_ense_rmcv_genELtask_36_03_02,0.22916666666666666,0.20833333333333334,0.3958333333333333,0.40168598280831413,0.24596498762070543,0.029935020945679732,0.10766848262252789
2_enself_rmcv_genELtask_13_01_01,0.2582322357019064,0.10051993067590988,0.6386481802426344,0.729248154106986,0.3840925019894245,0.06902428031906946,0.1727491553497898
2_rt10v_rvpnot_genELtask_46_04_01,0.1,0.46,0.46,0.4189878433762018,0.14534739502764674,0.02246524755183345,0.06519206803584095
2_enseef_enve_genELtask_53_04_08,0.6159527326440177,0.001292466765140325,0.20937961595273263,0.869519969473638,0.5589565747011223,0.33736277212869825,0.3953397577290522
2_ense_enve_genELtask_64_05_08,0.31623711340206184,0.1229381443298969,0.6494845360824743,0.8030423577628137,0.5185450256707083,0.08625280114640559,0.22974721047461572
2_enself_rt10v_genELtask_6_00_05,0.5433911882510013,0.1068090787716956,0.5013351134846462,0.6936744365145042,0.5258616232094979,0.07097841656529008,0.22531839241753018
2_ense_rvpnot_genELtask_76_06_09,0.9013299784327822,0.03253055355859094,0.18871315600287564,0.6232752174371308,0.6019999612172567,0.08138057593099061,0.2569678204481665
2_enve_rt10v_genELtask_88_07_10,0.015869541424975375,0.49786582029112403,0.9579730765021341,0.6472237231040165,0.13362239599550835,0.017704826406289068,0.0575526298728438
2_ense_rvpnot_genELtask_61_05_05,0.5058724832214765,0.06543624161073826,0.5176174496644296,0.7413511812490934,0.4990693338966698,0.08121874832307982,0.2195433349162502
2_enve_rmcv_genELtask_91_08_02,0.13818035750150634,0.20094396465153647,0.723036754368347,0.8784420223411401,0.35430814284936696,0.18787216435704485,0.23538045341623623
2_enseef_rvpnot_genELtask_37_03_03,0.296979006656426,0.06810035842293907,0.710189452124936,0.7784347481464543,0.5699306714904235,0.18959348845193588,0.3086060205396162
2_ense_rmcv_genELtask_26_02_03,0.0702656383890317,0.2570694087403599,0.8886032562125107,0.6299754360953089,0.1990478474817289,0.024139519269408775,0.0845225525446484
2_enself_enve_genELtask_32_02_09,0.2619600557361821,0.13098002786809104,0.5993961913608917,0.8811558495647152,0.3824161520826712,0.2168925377941807,0.26475857699453814
2_rmcv_rvpnot_genELtask_22_01_10,1.0,0.1,0.1,0.42981722297645075,0.4126522969207665,0.13128722196118042,0.2163437707737449
2_enseef_enve_genELtask_15_01_03,0.17777777777777778,0.4444444444444444,0.0,0.25051895835594074,0.1571106189305964,0.02366800002033687,0.0689984383974066
2_enve_rvpnot_genELtask_98_08_09,0.8924839905628581,0.003370407819346141,0.19666329625884732,0.7976536746222977,0.6051694753683879,0.1151442877863892,0.27259308430368995
2_ense_enself_genELtask_35_03_01,0.10117713004484305,0.24957959641255606,0.8783632286995515,0.7065132851227635,0.30052144038920375,0.0406935342038492,0.12905128054365855
2_ense_rt10v_genELtask_25_02_02,0.32,0.2,0.2,0.37499469519394973,0.2398189463899838,0.06188592032426653,0.12075482792730102
2_rt10v_rvpnot_genELtask_80_07_02,0.1993997999333111,0.12870956985661888,0.7917639213071024,0.6831475616036886,0.4750582811403656,0.03672681784281664,0.19206206477852675
2_rt10v_rvpnot_genELtask_92_08_03,0.29977628635346754,0.1309967685806612,0.7017151379567487,0.7651685138918896,0.5126735885740216,0.067947545802514,0.21874266825922745
2_enve_rt10v_genELtask_23_02_00,0.75,0.25,0.0,0.2831603769466446,0.27745696722380864,0.06489388494715419,0.13671190564550428
2_enself_rt10v_genELtask_8_00_07,0.28636959370904325,0.12844036697247707,0.7018348623853211,0.6413055471588315,0.49672911062139924,0.04463873319780641,0.20435926571648755
2_enseef_enve_genELtask_19_01_07,0.08996486940583473,0.252634794562395,0.8962883763555827,0.6995695821563233,0.2391841278207606,0.028082589006025237,0.10025710960556052
2_ense_rt10v_genELtask_51_04_06,0.45217391304347826,0.2956521739130435,0.5652173913043478,0.613215564511786,0.40315738052926153,0.10424819354563676,0.19830997121204794
2_enseef_rt10v_genELtask_11_00_10,0.01593536079003479,0.3670744024239704,0.9541016720906744,0.6816705538868325,0.10820687391454807,0.01550907730536071,0.047017460362925666
2_rmcv_rt10v_genELtask_67_06_00,0.08,0.52,0.0,0.3109175070825711,0.08390280721095665,0.0622188642316662,0.07060332870822822
2_ense_rvpnot_genELtask_36_03_02,0.19965603502188867,0.09537210756722952,0.7543777360850532,0.794364911969114,0.3548793205192863,0.0689798857741429,0.16183663117422442
2_enve_rt10v_genELtask_79_07_01,1.0,0.0012048192771084338,0.1,0.6995442371093478,0.6252933317570496,0.11595428340349441,0.28048951226640645
2_enve_rt10v_genELtask_72_06_05,0.5552763819095478,0.12814070351758794,0.5,0.5874283677778875,0.5748476231040041,0.0547695075800935,0.235128669020601
2_enself_rmcv_genELtask_25_02_02,0.112,0.224,0.384,0.7624028497623528,0.4071310604049214,0.14935246760473175,0.23914108043733187
